	f1	f2	f3	f4	f5	f6	f7	f8	f9	f10	f11	f12	f13	f14	f15	f16	f17	f18	f19	f20	f21	f22	f23	f24	f25	f26	f27	f28	f29	f30	f31	f32	f33	f34	f35	f36	f37	f38	f39	f40	f41	f42	f43	f44	f45	f46	f47	f48	f49	f50	f51	f52	f53	f54
0	0.05158	-60.29651	0.03749	-0.00037	-0.01234	-0.00066	0.00903	5.17027	0.15108	9e-05	-0.00571	0.0	0.07755	162.84288	0.38787	0.0009	0.02465	-0.00046	0.02726	-53.79396	0.05273	-0.00079	-0.01683	-0.0001	-0.0322	-145.9001	-0.42856	-0.00067	-0.02179	-0.00063	0.05057	-42.11965	0.04907	0.00014	0.00858	0.00043	-0.04337	-117.55299	-0.57761	-0.00076	-0.01705	-0.00079	-0.05424	-97.29014	-0.43858	-0.00053	-0.01859	-0.0003	0.15832	90.92218	0.82737	0.00059	0.01782	0.00048
1	0.09759	-92.71768	0.4527	-0.00027	-0.00455	-0.00042	0.00907	22.15971	-0.357	0.00032	0.01225	-0.0	0.02203	-39.58938	-0.56627	-0.00018	-0.00156	6e-05	-0.00956	-38.17565	-0.44373	-0.00026	-0.00402	0.00023	-0.0137	27.44062	-0.19589	0.0001	0.00439	-0.00015	-0.04208	-30.4583	-0.2854	-9e-05	-0.00056	0.00025	-0.01772	156.43686	0.25623	0.00094	0.0201	-6e-05	0.05063	-71.19525	0.61618	-0.00054	-0.01414	0.00021	-0.02753	51.393	-0.08358	0.00029	0.00483	-0.0001
2	0.03131	-30.20967	-0.10757	-0.00017	-0.00097	0.00016	-0.13002	24.67804	-0.94189	0.00018	0.00298	0.00015	0.06651	11.90522	0.26809	0.00023	0.00976	0.00024	0.00498	68.57552	0.12178	0.00054	0.01395	-0.00022	-0.04869	7.28563	-0.41994	0.0001	0.00213	-0.00019	-0.00982	-0.85743	0.09684	-6e-05	-0.00379	2e-05	0.10186	-55.55219	0.6822	-0.00013	-0.00268	-0.0002	-0.0549	-49.11488	-0.21534	-0.00014	-0.00993	-0.00015	-0.03422	-15.4496	-0.26947	-0.0001	-0.00515	0.00021
3	-0.06526	-21.22062	0.03187	-0.00023	-0.00548	-0.00033	-0.03783	32.35281	-0.55116	0.00035	0.00704	3e-05	0.01771	79.55529	0.35586	0.00034	0.00762	0.00054	-0.05653	-54.94692	0.19471	-0.00038	-0.01041	-0.00027	-0.07618	118.9666	-0.34483	0.00095	0.02057	-0.00017	-0.05903	-99.45529	-0.46343	-0.00055	-0.01551	-0.00016	0.11326	-3.24881	0.59493	0.00017	0.00888	-8e-05	-0.01938	1.13205	0.00147	0.00024	0.00535	-0.0004	-0.13489	40.24327	-0.4061	0.00054	0.00628	0.00035
4	-0.07566	-87.61069	-0.80106	-0.00028	0.00164	0.00025	0.04173	84.50673	0.41745	0.00045	0.01151	0.00041	0.01091	-150.0113	0.1188	-0.00066	-0.02525	-0.0002	-0.03685	43.53893	0.03315	1e-05	-0.00235	-0.00053	-0.0327	-145.11929	-0.32624	-0.00093	-0.02522	0.00017	-0.04176	32.48137	-0.41369	0.00026	0.00733	-0.00022	0.06635	-96.11832	-0.08537	-0.0004	-0.01163	-0.00011	0.14121	5.22712	0.46079	0.00028	0.01169	-0.00043	-0.02543	-67.9909	-0.4875	-0.00044	-0.00646	0.00026
5	0.09058	-28.9619	-0.34377	0.00013	0.00869	-0.00044	0.10742	38.63992	0.54966	0.00023	0.01319	0.00014	-0.11693	-95.31771	-0.69475	-0.0004	-0.01076	-0.00026	0.00695	41.09611	0.5667	-0.00014	-0.00038	5e-05	0.00528	32.79998	-0.15632	0.00042	0.0036	-0.00015	-0.08571	-149.9583	-0.2349	-0.00139	-0.02987	-0.00015	0.01745	-63.14602	0.02947	-0.00048	-0.01515	-0.0001	-0.17335	-33.36302	-0.57623	-0.00048	-0.0134	3e-05	-0.09051	31.48054	-0.3756	0.00017	0.00314	0.0
6	-0.03363	-10.44429	0.02641	-0.00013	-0.00252	0.00016	-0.02167	-7.70413	-0.28962	-3e-05	0.00311	0.0	-0.05338	-64.82728	-0.7634	-0.00026	-0.00239	-0.0002	-0.01384	-20.22773	-0.51204	-1e-05	0.00161	2e-05	-0.02577	-13.05531	-0.08687	-5e-05	-0.00286	8e-05	0.02759	28.13537	0.24902	0.00031	0.00677	-0.0003	-0.02073	32.17485	0.10811	0.00017	0.003	-9e-05	0.05253	18.25774	0.6372	7e-05	0.00212	4e-05	-0.00223	-24.28744	-0.02114	-0.00011	-0.00192	3e-05
7	0.00289	-13.87101	-0.12598	0.00019	0.00471	-0.00029	-0.10419	-55.44226	-1.10684	-0.00011	-0.00678	-0.00011	0.05992	-27.16072	0.49367	-0.00025	-0.00597	4e-05	-0.01505	1.37297	-0.15207	5e-05	0.00618	0.00026	-0.08507	1.25477	-0.96025	9e-05	0.00582	0.00013	-0.02794	64.32718	-0.09604	0.00035	0.00815	-8e-05	0.01321	-3.54973	0.35598	5e-05	0.00382	0.00011	-0.04328	-53.61968	-0.24275	-0.0002	-0.00813	3e-05	-0.08405	0.10668	-0.19269	-2e-05	-0.00622	2e-05
8	-0.1229	-34.90472	-0.80322	-0.00028	-0.00912	-0.00015	-0.19277	-189.57017	-1.69455	-0.00091	-0.03005	0.00026	0.0087	112.65777	0.2804	0.00073	0.01118	-0.00034	0.18059	105.89211	1.4388	0.0007	0.02566	0.00039	-0.01208	-70.44671	-0.48632	-0.00047	-0.01222	0.0004	0.09233	-66.07606	0.64558	-0.00049	-0.01689	0.00018	-0.16072	68.12115	-0.9978	0.0006	0.01626	0.00023	0.10418	-39.02919	0.2936	-0.00023	-0.0001	-0.00026	-0.00137	27.49081	0.25608	0.00019	-0.00569	2e-05
9	-0.09769	44.27835	-0.9108	0.00029	0.01214	2e-05	0.04055	-52.12446	0.12879	-0.00022	-0.00496	7e-05	-0.0429	-88.01919	-0.50445	-0.00032	-0.00971	-0.00024	0.00871	-57.83279	-0.07107	-0.00023	-0.00583	-7e-05	0.00387	-46.19053	-0.19432	-0.0003	-0.00568	0.00011	-0.0213	55.58661	-0.02904	0.00036	0.00812	0.0	0.0226	38.93791	0.10624	0.00037	0.00936	-6e-05	0.0222	-2.20121	-0.12644	1e-05	0.00256	2e-05	0.0046	4.19875	-0.02017	9e-05	0.00318	-0.00028
10	0.04244	32.3437	0.64181	0.0001	0.00765	0.00039	-0.04716	-33.56511	-0.66096	-0.00024	0.00239	-0.00011	-0.00552	56.90971	0.08794	0.00028	0.01042	-0.00014	-0.00712	-7.9794	0.12223	-3e-05	-0.00184	0.00018	-0.09842	66.29096	-0.18641	0.00022	0.00564	0.00034	0.02612	-94.90662	0.0904	-0.00055	-0.00866	0.00022	0.07708	-49.38301	0.22825	-0.00038	-0.00781	-0.00016	0.01672	206.6363	-0.11889	0.00152	0.03764	0.00032	-0.04469	-1.7054	-0.25259	-0.00016	-0.00328	0.00045
11	-0.02414	-30.56683	-0.2817	-0.00013	0.00055	6e-05	0.0158	-50.79384	0.1071	-0.00027	-0.00765	-7e-05	-0.02986	-40.06066	-0.73015	-0.0001	0.00031	-0.00018	0.05022	8.63459	0.21916	5e-05	0.00173	-0.00018	-0.00462	-53.97376	-0.36348	-0.00023	-0.00379	-1e-05	0.04156	31.71129	0.4156	6e-05	0.00118	-0.00028	-0.04648	0.6233	-0.52796	0.00012	0.00672	8e-05	-0.01731	100.53972	0.55176	0.00044	0.00577	-0.0002	-0.04746	-70.48753	-0.61346	-0.00024	-0.00672	0.0001
12	-0.09383	-24.90665	-0.69194	1e-05	0.00131	-2e-05	-0.06787	43.18174	-0.43017	0.00015	0.00406	-0.0001	0.02738	-21.44746	0.29888	-0.00021	-0.0048	9e-05	-0.01309	28.21147	-0.17868	5e-05	0.00528	-0.00012	-0.09413	-35.92067	-0.85739	-0.00015	-0.00457	0.0	0.04121	-18.53814	0.02058	-5e-05	0.00339	-7e-05	0.05004	72.60133	0.44862	0.00035	0.00924	0.00012	-0.06929	-94.92407	-0.33366	-0.00054	-0.01466	-0.00021	-0.00442	-23.60531	0.21481	-0.00021	-0.00503	-4e-05
13	-0.07106	-46.99674	-0.36107	-0.00027	-0.00543	8e-05	-0.09546	-3.38232	-0.91364	3e-05	0.00338	3e-05	-0.06093	-58.61379	-0.31836	-0.00034	-0.00991	5e-05	-0.04466	13.04749	-0.32697	0.00018	0.00474	-5e-05	-0.00803	-47.5739	-0.16911	-0.00029	-0.00696	-8e-05	-0.01547	-5.40597	-0.25252	-0.00013	-0.0021	8e-05	0.06645	2.23694	0.43384	0.00017	0.00411	-1e-05	-0.05051	40.68498	-0.1581	0.00024	0.0054	-0.00017	-0.01617	10.53913	-0.28952	-1e-05	0.00091	3e-05
14	-0.13711	10.78329	-1.04974	0.00025	0.00522	-0.00047	0.06506	31.62166	0.15998	8e-05	0.0072	-1e-05	-0.01897	-76.28345	-0.26037	-0.0004	-0.00371	0.00027	-0.01903	12.46754	0.07545	-0.00018	0.00188	0.00027	0.09054	5.22477	0.44503	-1e-05	0.00251	0.0003	-0.08191	84.52748	-0.17778	0.00024	0.00062	-0.00011	0.00601	47.84355	0.05724	0.00041	0.00776	-0.00028	-0.02446	-94.32309	-0.17901	-0.00066	-0.01514	-0.00013	-0.00088	15.1338	0.23677	0.00018	0.00208	-0.00043
15	-0.0254	-36.74669	-0.24747	-0.00027	-0.00114	-0.00014	0.05005	2.50818	0.43726	0.00011	-0.00016	-9e-05	-0.04218	7.2667	-0.55148	5e-05	0.00527	7e-05	0.0508	-29.65251	0.64281	-0.00035	-0.01054	-0.00015	0.01248	33.21715	0.04802	0.0002	0.00751	-5e-05	0.01205	-51.27394	0.0209	-0.00035	-0.00518	-8e-05	-0.1011	-61.93363	-0.47833	-0.0005	-0.01306	0.00015	0.004	38.28345	0.28665	0.0003	0.00428	-0.00015	0.00868	44.97109	-0.26706	0.00035	0.01193	0.00014
16	0.03496	-151.14921	-0.4393	-0.00073	-0.01863	-0.00012	0.0467	58.17644	0.46677	0.00035	0.00914	0.00017	-0.01773	-37.54428	0.0717	-0.00047	-0.01099	-0.00023	-0.01258	-10.71826	-0.19029	-0.00013	-0.00614	0.0	-0.06161	23.43893	-0.26329	0.00015	0.00067	-0.00033	0.01639	-56.29943	0.63087	-0.00044	-0.0174	-0.00027	-0.03008	-74.96269	-0.71402	-0.00056	-0.00947	-0.00035	0.01785	13.54726	0.2518	7e-05	-0.00043	-0.00018	-0.04011	-64.13485	-0.01832	-0.00064	-0.01354	-0.00024
17	-0.1524	-94.10116	-0.7056	-0.00059	-0.01833	-0.00023	0.07806	-17.24955	0.26564	3e-05	0.00301	0.00025	0.05701	102.43399	0.68928	0.00031	0.0109	-0.00011	0.0628	29.12015	0.89974	6e-05	-0.00267	0.00022	0.06081	-116.53526	-0.28899	-0.00048	-0.00705	-0.0001	-0.13744	-7.78024	-0.62159	-0.0001	-0.00562	-1e-05	0.23105	139.11885	1.8317	0.00066	0.02102	0.0001	-0.09383	-91.34698	-0.5628	-0.00048	-0.01479	-0.00012	-0.04253	-78.2184	-0.48794	-0.00031	-0.00761	-0.0001
18	-0.02821	-4.77355	-0.12419	4e-05	0.00284	-1e-05	-0.13125	9.42849	-1.1632	7e-05	0.0064	-7e-05	0.02172	32.99204	-0.08806	0.00021	0.0073	2e-05	0.07111	-31.75754	0.25129	-0.0001	-0.00185	-3e-05	-0.04421	27.47778	-0.21065	0.00018	0.00396	-0.0	-0.00378	-38.41362	-0.13351	-0.00012	-0.00237	4e-05	0.01297	-11.54632	0.02797	-9e-05	-0.00049	0.00032	0.02291	-36.26886	-0.0878	-0.00013	-0.00238	-3e-05	-0.01456	-1.88535	-0.20207	0.00011	0.00044	6e-05
19	-0.0909	9.93882	-0.73541	9e-05	0.0039	-1e-05	0.02711	-103.50546	0.18376	-0.00056	-0.01518	-0.00017	-0.01389	-25.64939	-0.05329	1e-05	0.00038	-1e-05	-0.00865	8.04215	-0.08335	6e-05	0.00475	0.00021	0.05615	-5.36992	0.14415	-0.0	0.00354	0.00016	-0.00505	39.64798	0.02154	0.00036	0.00783	-4e-05	0.02203	62.91602	0.07964	0.00047	0.01297	2e-05	0.00999	44.59938	0.02294	0.00031	0.00569	-7e-05	-0.00111	-10.45248	0.07861	-4e-05	-0.00024	5e-05
20	0.0245	-32.3582	-0.10469	-0.00012	0.0011	-8e-05	-0.07012	-27.25866	-0.81785	-7e-05	2e-05	6e-05	0.00718	39.40382	0.06015	0.00012	0.00293	-0.0002	0.02933	72.46561	0.2551	0.00041	0.01045	-1e-05	0.00121	55.92107	0.02055	0.00039	0.0097	1e-05	-0.04989	-29.87621	-0.41522	2e-05	-0.0011	-0.00014	0.0572	-50.18146	0.2983	-0.00029	-0.00736	6e-05	-0.01682	-12.30646	-0.27336	4e-05	-0.00314	7e-05	-0.09479	-35.93045	-0.74492	-0.00025	-0.00421	-8e-05
21	0.00813	-25.68585	-0.28874	2e-05	0.00522	-4e-05	-0.08224	-102.41439	-0.38716	-0.00055	-0.01745	-2e-05	-0.02344	0.25062	-0.23486	3e-05	-7e-05	-4e-05	0.06149	17.46123	0.30283	4e-05	0.0041	6e-05	-0.00677	-2.52967	-0.12112	-1e-05	-0.00019	-0.00012	0.01759	48.98253	-0.12139	0.00032	0.00983	0.00011	0.02302	77.53225	0.2797	0.00043	0.01343	-2e-05	-0.04176	-10.63969	-0.12271	-2e-05	-0.0008	-0.00015	-0.04158	-70.91314	-0.35183	-0.00033	-0.00919	1e-05
22	-0.05279	-0.16425	-0.07791	-9e-05	-0.0022	-0.0001	-0.03544	-20.47527	-0.3955	6e-05	0.00331	0.00021	-0.03413	31.34888	-0.1426	0.00018	0.0029	5e-05	0.01506	-39.90606	-0.12048	-0.00038	-0.00669	-6e-05	-0.04599	-27.36593	-0.75875	-0.00014	-0.00015	-0.0002	0.02876	38.8221	-0.18644	0.00065	0.01361	-0.00041	0.06655	13.8049	0.14698	0.00027	0.00635	-4e-05	-0.02777	16.63149	-0.27744	0.00021	0.00431	5e-05	-0.04207	-32.03221	-0.34249	-0.00023	-0.00545	-0.00017
23	0.12971	-6.17345	0.04634	0.00018	0.011	2e-05	-0.11279	-115.69953	-1.40786	-0.00016	-0.00497	-0.00049	0.00992	-181.64422	-0.13159	-0.00094	-0.01563	-2e-05	0.00632	0.10319	0.75299	-0.00055	-0.01494	0.00011	0.02995	72.61575	0.2289	0.00029	0.00361	-0.00087	0.04397	-203.12318	0.20248	-0.00132	-0.0262	-0.00057	-0.02921	-171.58294	-0.29569	-0.00104	-0.01995	4e-05	0.0116	302.72088	0.13002	0.00145	0.04308	0.00018	-0.00288	-63.59533	0.19244	-0.00048	-0.01129	0.00019
24	-0.14027	7.87492	-0.5676	0.00015	0.00143	-0.00011	-0.03035	-44.59405	-0.69601	-3e-05	0.00615	-0.00015	-0.06972	-3.54885	-0.01291	-0.00044	-0.011	4e-05	0.04645	-12.83567	0.36058	0.00029	2e-05	0.00037	0.06471	5.7507	-0.4374	0.00031	0.01541	-0.00032	0.02824	-113.94461	0.14984	-0.00054	-0.01879	-3e-05	-0.00591	-127.67607	-0.38847	-0.00059	-0.01698	-2e-05	0.09091	-42.02625	0.0279	0.00034	0.00154	-0.0001	0.00389	-66.49197	-0.4101	-0.0003	-0.00745	-3e-05
25	-0.05854	-57.17565	-0.52308	-0.00023	-0.00673	-9e-05	-0.13252	-61.10105	-0.98071	-0.00033	-0.00689	0.00015	0.07275	-49.38844	0.4254	-0.00057	-0.01085	6e-05	0.00532	-3.07711	0.11011	-5e-05	-0.00213	-8e-05	-0.04962	36.25581	-0.5714	0.00018	0.00779	0.00025	-0.05652	-19.82479	-0.21032	-2e-05	-0.00109	-0.00018	0.04696	31.5013	0.6786	0.00022	0.00482	0.00022	-0.06972	-3.84477	-0.23928	-0.00019	-0.00763	7e-05	-0.04104	8.31893	-0.17602	-5e-05	0.00098	-6e-05
26	0.0478	-28.05333	0.30857	5e-05	-0.00223	-0.00026	-0.06565	65.13041	-0.29291	0.00041	0.00635	7e-05	0.00287	-116.44525	0.59815	-0.00061	-0.0222	0.00017	0.04226	-83.01132	0.71408	-0.00038	-0.01801	-0.00016	0.0189	-18.69719	-0.21918	0.00013	0.00121	-6e-05	0.02613	29.79184	0.18649	0.00014	-0.00137	-0.00018	0.0712	128.18511	0.92101	0.0006	0.01278	6e-05	-0.12286	-53.9975	-0.668	-0.00037	-0.01197	0.00013	-0.0181	5.64606	-0.18857	3e-05	0.00443	0.00031
27	-0.11121	-58.59844	-0.89859	-0.00028	-0.00573	0.00035	0.03589	-242.57447	0.1255	-0.00144	-0.03753	0.00011	0.09672	-51.4514	0.43647	-0.00041	-0.01122	-0.00079	-0.11151	45.48984	-0.72731	0.00045	0.01157	0.00026	0.06042	-68.45146	0.27401	-0.00056	-0.00841	0.00085	0.06636	-76.43906	-0.37649	-0.00017	-0.00201	-0.00112	-0.03424	9.74682	-0.01124	0.00025	0.00044	0.00056	0.05219	75.15795	0.70614	8e-05	0.0027	-0.00063	-0.01225	-37.2899	-0.1383	-0.00024	-0.00744	0.00091
28	-0.3286	-317.85938	-2.2964	-0.00196	-0.07327	-0.00044	-0.25196	-135.18435	0.35085	-0.0014	-0.04236	0.00104	-0.12806	70.61669	0.25989	-0.00025	0.00162	-0.00075	-0.65914	-164.68793	-1.00773	-0.00026	-0.03836	0.00039	0.8294	306.5536	-1.2496	0.00337	0.14161	-0.00102	0.36924	-107.6441	4.3026	-0.00277	-0.06513	-0.00167	-0.38522	-483.28693	-3.7284	-0.00447	-0.12193	-0.00193	0.62982	-400.7146	3.6336	-0.00204	-0.07747	-0.00386	-2.34166	1359.3504	-4.6784	0.00943	0.23322	-0.0001
29	-0.0548	-5.18348	-0.2236	7e-05	-0.00216	-0.00012	0.00556	-14.4084	-0.15198	-5e-05	0.00267	-0.00025	-0.03874	-100.51099	-0.43253	-0.00061	-0.01582	0.0	0.07087	-141.52821	-0.05174	-0.00063	-0.01567	-0.0001	-0.05618	-53.89317	-0.18429	-0.00043	-0.01369	-0.00033	0.02791	100.13192	-0.0626	0.00051	0.02037	-8e-05	-0.03203	6.87973	0.12793	-7e-05	-0.00578	-1e-05	0.03977	-3.28788	0.14625	-8e-05	0.00319	0.00043	0.01722	-73.25476	0.01807	-0.00043	-0.01382	-0.00019
30	-0.05331	-17.68579	-0.43449	7e-05	0.00337	-0.00022	0.04296	-51.01305	0.11707	-0.00016	-0.00439	0.00026	-0.04298	0.03852	-0.65873	0.00015	0.00818	3e-05	0.0607	-60.82916	-0.05066	-0.00031	-0.00301	0.00011	0.03895	27.93341	0.1524	0.00021	0.00779	9e-05	0.02659	3.14463	-0.05178	4e-05	0.00373	0.00019	-0.0136	2.57765	0.03226	7e-05	-0.00027	-7e-05	0.01395	11.79516	0.0393	7e-05	0.00238	-2e-05	0.0446	31.1742	0.3586	0.0003	0.00674	0.0001
31	-0.12434	24.19642	-1.05682	0.00035	0.00905	-0.0005	0.04522	-10.06255	-0.0534	-0.00017	-0.00034	0.0001	0.00541	-97.90683	-0.12967	-0.00041	-0.00579	0.00055	-0.05939	29.62443	-0.18364	-9e-05	0.00323	0.00023	0.08709	55.53338	0.2854	0.00028	0.01079	0.0003	-0.05957	23.79787	0.05215	-3e-05	-0.007	-0.00016	-0.02437	53.52469	0.03193	0.0003	0.00544	-0.00028	-0.05301	-86.72067	-0.42384	-0.00057	-0.01298	-0.00024	-0.01141	-10.30002	0.20395	-3e-05	-0.00252	0.00014
32	0.09065	0.96976	0.50204	-2e-05	0.00131	-0.00025	-0.26275	-66.41315	-0.70769	-0.00055	-0.02829	-0.00057	-0.04624	-153.56684	-0.26163	-0.00082	-0.03007	-0.00016	-0.0081	74.71078	-0.15202	0.00046	0.01098	-0.0003	0.20922	-14.17654	0.26904	-0.00011	0.00159	0.00035	0.08889	-38.47991	0.20686	0.00015	0.00646	-0.00051	-0.05847	137.33897	0.04211	0.00064	0.01425	0.00015	-0.05414	7.69532	-0.40603	-9e-05	0.00376	0.00046	-0.08819	83.76286	-0.34191	0.00058	0.01145	-0.00024
33	-0.13455	25.95675	-0.85123	2e-05	0.00302	0.00017	0.04164	-78.35686	0.23037	-0.00037	-0.01259	-9e-05	-0.08031	102.24008	-0.3602	0.00075	0.02106	-4e-05	0.00854	15.91675	0.20411	-0.00031	-0.00387	0.00066	0.03536	70.65931	-0.01035	0.00023	0.01021	0.0	0.00575	107.31132	0.28733	0.00073	0.01973	0.00048	0.02437	-354.54161	0.08214	-0.002	-0.04927	6e-05	-0.0975	-44.35925	-0.48197	-0.00038	-0.01334	-0.00013	0.00583	89.59233	0.11666	0.00076	0.01728	-8e-05
34	-0.05735	-7.01375	-0.36732	2e-05	-0.00231	8e-05	-0.05335	4.6542	0.18379	0.00011	0.0007	-0.00021	0.1466	70.02913	0.80123	0.00053	0.01495	-5e-05	0.04327	-71.41463	-0.15692	-0.00041	-0.00939	9e-05	0.02636	-9.94816	-0.26187	0.00026	0.00697	-0.00015	0.00898	-11.16742	-0.05913	-5e-05	0.00015	0.00015	0.03065	64.96762	0.53762	0.00045	0.00965	-0.00012	0.01518	-129.32035	0.47333	-0.00096	-0.031	-0.0001	0.07376	-11.53039	0.3148	1e-05	0.0046	3e-05
35	-0.01002	13.9239	-0.63789	0.00031	0.01083	2e-05	0.00923	-17.70989	0.14127	-0.00013	-0.0005	3e-05	-0.08495	-7.80881	-0.48108	-9e-05	-0.00351	8e-05	-0.03353	-87.00782	-0.41916	-0.00038	-0.00558	-0.0002	-0.00024	11.8966	-0.29736	0.00012	0.0053	-0.00021	-0.10771	-72.91764	-1.09044	-0.00029	-0.00911	-0.00016	0.07081	-17.68432	0.6114	0.00011	0.0062	-0.00017	-0.09264	90.12736	-0.37619	0.00047	0.00873	0.0003	-0.02117	-37.15188	0.59893	-0.00049	-0.01714	0.00033
36	0.04734	8.65834	0.12313	0.00038	0.01899	-0.00011	-0.14022	-165.49973	-0.52178	-0.00106	-0.02748	0.00014	0.14986	-57.67186	0.74978	-0.00011	-0.00368	-0.00017	0.11737	-41.89995	0.89205	1e-05	0.00617	-0.00044	0.0552	-33.92372	0.53478	-3e-05	-0.00475	-0.00018	-0.21361	-95.23457	-1.31864	-0.0009	-0.0185	-0.00049	0.00386	-75.6333	0.35472	-0.00042	-0.01009	-0.00028	0.04046	84.32262	0.49456	0.00057	0.00984	-0.0	-0.0805	-33.64712	-0.27689	-0.00042	-0.00932	-0.00029
37	-0.02525	-230.62575	-0.46594	-0.00102	-0.02542	-0.00019	0.10549	-55.1786	1.11007	-0.00039	-0.00662	-0.0003	-0.1641	-161.08011	-0.3472	-0.00072	-0.02915	-2e-05	-0.00984	111.16767	0.16416	0.00053	0.01125	0.00137	0.05906	33.50862	-0.48454	0.00028	0.01173	-0.00057	-0.19585	-79.10079	-1.50276	-0.00016	-0.00123	-0.00058	-0.02622	30.25765	-0.67745	2e-05	-0.00143	0.00035	-0.17821	-79.09895	-1.54643	-0.0004	-0.01202	0.00047	-0.04052	5.70233	0.04905	-0.00035	-0.00677	-0.00048
38	0.00639	0.07425	0.44643	0.00014	-0.00399	-0.00011	0.01288	19.12718	-0.03266	0.00026	0.00883	0.00027	0.0642	-9.6957	0.28417	-3e-05	0.00382	7e-05	0.00521	72.55398	0.1365	0.00041	0.01396	0.00029	-0.01983	-90.67331	0.07927	-0.00044	-0.01591	0.0003	-0.01664	-4.26697	0.05324	0.00014	0.00408	0.00018	-0.09752	24.40127	-0.21444	3e-05	-0.00345	0.00031	-0.01061	-1.43546	0.03669	0.0001	-0.00419	-0.00014	0.04004	-28.74392	0.58608	-9e-05	-0.00616	0.00015
39	-0.00215	-24.0228	-0.05632	-0.0002	-0.00297	0.00016	-0.10956	15.57002	-1.01984	0.00021	0.00453	0.00028	0.02471	24.33377	-0.04812	0.00033	0.0134	0.00023	-0.00924	42.73714	-0.09644	0.00035	0.00986	-5e-05	-0.02566	-33.1059	-0.43938	4e-05	0.00209	-0.00026	-0.03182	-50.73369	-0.14354	-0.00038	-0.01237	4e-05	0.06073	-20.26643	0.58265	-1e-05	-0.00159	-0.0001	-0.02636	24.94257	0.00108	0.0002	0.00289	-3e-05	-0.06238	9.99146	-0.5297	7e-05	-0.00089	3e-05
40	0.05649	10.46841	0.64695	0.00017	0.00107	-7e-05	-0.02034	-28.7363	-0.26685	0.0	0.00242	-0.00012	0.08928	43.96147	0.34224	0.00036	0.00984	-0.00015	0.08954	26.22569	0.4081	0.00038	0.01136	-8e-05	0.07324	2.16492	0.08664	0.00033	0.00718	-2e-05	0.01428	-20.44326	0.17183	5e-05	-0.00016	-7e-05	0.03605	11.6977	0.34574	0.00015	0.00133	-0.00012	0.06748	-27.49718	0.29342	0.00011	0.00148	7e-05	0.02815	4.40098	0.2283	2e-05	-0.0026	0.00035
41	0.09813	82.8763	0.08509	0.00031	0.02115	0.00024	0.10543	75.78781	0.30141	0.00043	0.02047	-0.00017	0.14696	20.34801	0.98566	0.00017	0.01125	-0.00011	0.14036	-85.90144	1.49061	-0.00021	0.00066	-1e-05	0.15269	-71.50283	1.31783	-0.00023	0.00086	0.00014	0.07077	-17.80601	0.33641	-3e-05	0.00717	0.00017	0.16671	30.88525	0.9279	-1e-05	0.0075	-6e-05	0.15586	88.97144	0.77316	0.00025	0.01817	-0.00016	0.32725	131.03819	2.49558	0.00036	0.02324	4e-05
42	-0.16082	11.38318	-0.86174	0.00011	0.00197	-0.00024	-0.00192	-22.51708	-0.19713	0.0	0.00061	4e-05	0.00055	-26.63056	-0.27396	-0.00016	-0.00197	0.00022	-0.00229	-34.9136	-0.09823	-0.00012	-0.00287	-7e-05	-0.04077	-88.59831	-0.60416	-0.00047	-0.00817	-0.0	-0.04643	-15.51448	-0.47551	2e-05	0.00243	-1e-05	0.07869	85.52884	0.71844	0.00049	0.01468	0.00013	-0.03121	34.73443	-0.03703	4e-05	-0.00149	-0.00029	-0.00743	23.95609	-0.28558	0.0002	0.00628	0.00022
43	-0.00655	-27.45899	-0.01483	-0.00022	-0.00179	0.00019	-0.10028	-38.95924	-0.72195	-0.00021	-0.00493	9e-05	0.05179	37.21294	-0.11169	0.00048	0.01853	0.00052	0.01492	35.59853	0.23807	0.00032	0.00931	-0.0001	-0.04428	-28.49956	-0.53028	-0.0001	0.00079	-0.00036	-0.07404	23.81186	-0.41987	7e-05	-0.00082	0.00017	0.06044	-31.15166	0.61309	-2e-05	-0.00217	-8e-05	-0.00761	-6.84227	0.06006	5e-05	-0.00305	-0.00023	-0.04011	-0.11584	-0.17117	-0.00013	-0.00792	0.00028
44	-0.00922	-30.21785	-0.29892	-9e-05	-0.00026	-0.0002	-0.03198	-29.46664	-0.31994	-0.00022	-0.00442	0.0002	0.01924	-33.68118	0.15818	-0.0002	-0.00242	8e-05	0.01119	24.89575	0.0146	0.00018	0.00681	-3e-05	-0.02153	-40.84474	-0.25866	-0.00017	-0.00318	-0.00014	-0.01187	3.53457	-0.35215	7e-05	0.00518	0.00012	0.02216	84.30204	0.27661	0.00024	0.00637	-0.00012	0.01459	-26.74885	-0.0382	-0.00015	-0.00256	-0.00014	-0.02162	-42.99874	-0.32609	-0.00024	-0.00368	-8e-05
45	-0.0234	-37.18841	-0.45346	-0.00018	-0.00083	0.00023	0.07561	18.82164	0.29649	0.00023	0.00839	0.00023	-0.0043	-109.25184	-0.07184	-0.00045	-0.01284	-0.0002	-0.03443	9.66712	-0.19751	4e-05	0.00287	1e-05	-0.02775	22.78138	-0.12647	8e-05	0.00596	9e-05	-0.02877	-17.78497	-0.21484	-9e-05	-0.00233	-6e-05	-0.06075	-21.27882	-0.45518	-8e-05	-0.00282	-3e-05	-0.05819	-5.87547	0.01183	4e-05	-0.00561	-0.00028	0.00579	-11.97208	-0.12471	-5e-05	-0.00064	7e-05
46	-0.05103	-41.95217	-0.22685	-0.00034	-0.00907	0.00022	0.02853	111.85696	0.38941	0.00043	0.01189	0.0003	0.02574	191.98778	-0.06087	0.001	0.03466	0.00154	-0.01929	-21.38071	-0.21187	-0.00013	-0.00363	0.00025	-0.05287	9.14686	-0.12491	-0.00014	-0.00457	0.00017	0.01985	121.47037	-0.03271	0.00062	0.02144	0.00158	-0.00814	85.40062	0.00754	0.0004	0.0118	0.0008	-0.02157	35.15158	-0.00307	-0.0	0.00085	0.0004	-0.00128	234.57024	0.16602	0.00119	0.03543	0.00138
47	-0.00106	78.26842	-0.13668	0.0006	0.01678	-0.00011	-0.04969	67.7636	-0.77538	0.00053	0.01487	-2e-05	0.01308	9.60525	-0.15312	0.0002	0.00813	0.00018	0.0446	-37.91539	0.04644	-0.00016	-0.00351	-0.00045	-0.02956	-88.46118	-0.3407	-0.00035	-0.00974	-0.00049	-0.007	-49.72403	-0.16224	-0.00022	-0.00371	0.00025	0.00204	-9.21654	-0.13678	-0.0	0.00108	-0.00023	0.01316	34.82241	0.185	0.0001	0.00202	0.0002	0.06082	179.83366	0.90748	0.00091	0.02695	0.00061
48	-0.09182	31.44623	-0.44449	-4e-05	-0.00041	-7e-05	-0.12929	-64.39663	-1.5322	-0.00025	-0.00212	-0.0	-0.02332	-70.42793	-0.00975	-0.0006	-0.01684	-4e-05	0.12203	-34.15078	0.98939	-0.00027	-0.00309	-0.0001	-0.14704	-40.26206	-1.18526	-0.00028	-0.00934	-0.00011	-0.08369	-72.93332	-0.6622	-0.00035	-0.01392	-0.00017	0.0772	64.46731	0.69473	0.00026	0.00524	0.00024	-0.02299	-11.90758	0.26914	-0.0002	-0.00698	5e-05	-0.05619	1.59764	-0.83558	0.00035	0.00796	3e-05
49	-0.02918	44.10488	0.01409	0.00036	0.00952	-0.00047	-0.0227	-112.00243	0.13528	-0.00028	-0.01796	0.00029	-0.03748	-102.62514	-0.34861	-0.00033	-0.01056	-0.00039	0.00218	-124.87314	-0.34159	-0.00075	-0.01611	6e-05	0.05066	116.36465	0.42979	0.00062	0.02051	0.0002	-0.01499	-86.47498	-0.74365	-0.00061	-0.01154	-0.00014	-0.08302	-99.62294	-0.81553	-0.00052	-0.01563	-8e-05	0.05764	-123.24835	-0.19394	-0.00058	-0.01358	-0.00014	0.04098	113.3267	0.66945	0.00057	0.01649	-0.0
50	-0.10033	-48.58714	-0.5396	-0.00015	-0.00415	-5e-05	0.06286	-23.57769	0.12268	3e-05	0.00463	5e-05	-0.03612	-76.50209	-0.60073	-0.00043	-0.00321	4e-05	0.01224	33.07538	0.35434	0.00036	0.00595	-5e-05	-0.00754	-48.712	-0.11739	-0.00035	-0.00855	-0.00012	-0.02734	-0.9115	-0.24435	-0.00012	-0.00158	1e-05	-0.06832	-8.86445	-0.24927	0.0001	-0.00023	-0.00011	-0.02401	23.40476	-0.14284	8e-05	0.0013	0.00012	-0.01357	-67.01836	-0.19436	-0.00034	-0.00707	7e-05
51	-0.05428	42.68832	-0.01309	0.00039	0.01363	-0.00017	0.03237	35.3848	-0.38242	0.0003	0.01406	0.00024	0.08684	42.74931	0.01968	0.00046	0.01663	-0.00026	-0.05747	-75.96342	-0.46	-0.00042	-0.01074	-0.00015	0.04736	31.97274	-0.3635	0.00041	0.01825	0.00016	0.03535	86.813	0.09882	0.00044	0.01258	-0.00031	0.00936	0.30892	-0.20187	2e-05	0.00324	-5e-05	-0.02522	52.33469	0.10352	0.00029	0.00438	-0.00022	-0.05829	0.86846	0.09167	5e-05	-0.00443	-0.00023
52	-0.13519	118.38654	-0.75014	0.00074	0.01809	-0.00012	0.03787	77.89733	-0.18169	0.00034	0.01804	-6e-05	0.07962	47.68092	0.59576	5e-05	0.0057	0.0001	-0.01534	66.91087	0.12334	0.0003	0.00836	0.00013	0.06685	109.22991	0.46824	0.0007	0.02701	-0.00028	-0.09243	109.14054	-0.63707	0.00068	0.01913	-0.0002	0.10891	55.541	1.28286	0.00042	0.00706	0.00032	0.07261	64.08016	0.44494	0.00027	0.01033	-1e-05	-0.04056	-98.62091	-0.49265	-0.0006	-0.01436	-0.00012
53	0.07006	87.49014	0.41239	0.0007	0.01863	6e-05	0.00043	-3.59556	-0.1066	-9e-05	-0.00141	-0.00011	0.02638	0.34032	0.09035	0.00023	-2e-05	-0.00028	0.01217	-90.60242	0.32279	-0.00068	-0.01476	-0.00025	0.02961	-127.28784	-0.19787	-0.00078	-0.0144	-0.0003	-0.00765	98.69497	-0.24734	0.00038	0.01872	0.00083	-0.0757	78.66979	-0.23572	0.00037	0.00894	0.0001	0.04172	33.66622	0.38683	0.0002	0.00621	9e-05	-0.04188	16.22636	0.09145	0.00015	0.00274	-0.00014
54	-0.01162	-22.33513	-0.3671	0.00013	0.0076	-0.0005	0.06312	-23.47555	0.22846	0.00022	0.00323	0.00017	0.11441	-23.34324	0.17749	-0.00011	0.00349	-9e-05	0.03209	25.62891	0.25124	0.00015	0.00067	0.0003	0.06252	-80.66634	0.14499	-0.00044	-0.00832	0.00024	0.02707	57.03257	-0.0539	0.00056	0.00948	0.0	0.03634	82.55447	-0.17559	0.00061	0.01552	-1e-05	0.04391	-0.33323	0.03426	0.00014	0.00587	-4e-05	0.03829	65.0037	0.25344	0.00058	0.01385	-0.00012
55	-0.08514	0.40229	-0.45087	0.00025	0.00632	0.00013	0.05552	140.45771	0.47918	0.00069	0.01465	0.00014	-0.07012	11.48718	-0.7508	3e-05	0.00996	-2e-05	0.05908	147.74376	0.95937	0.00071	0.01584	0.0003	0.07262	-56.91667	0.25315	-0.00014	-0.00143	-0.00035	0.05459	85.22191	0.57342	0.0006	0.0026	-9e-05	-0.05005	-15.98388	-0.28378	-0.00026	-0.00807	0.00021	0.00831	-37.07151	0.11758	-2e-05	-0.00748	-0.00021	-0.01556	-56.24511	0.00461	-0.00061	-0.01643	4e-05
56	-0.07611	-48.04635	-0.40202	-0.00017	-0.00471	-0.00018	-0.00212	-7.57372	-0.00169	-4e-05	-0.00049	5e-05	-0.02214	-57.82902	-0.35214	-0.00031	-0.0006	5e-05	-0.00256	-30.99358	-0.38493	-0.00022	-0.00354	-1e-05	0.01219	-37.46173	0.18295	-0.00016	-0.00201	-0.00012	-0.04162	6.35464	-0.01837	-2e-05	-0.00364	-3e-05	-0.02906	33.51199	-0.14692	0.00033	0.00825	-8e-05	-0.00749	-59.50398	-0.28441	-0.00029	-0.00871	-0.00013	-0.02019	-70.59672	-0.2101	-0.00035	-0.01113	4e-05
57	0.0519	-6.60134	-0.00509	4e-05	0.00369	-6e-05	-0.11298	-36.83908	-1.1809	-5e-05	0.00525	-5e-05	0.11588	-6.85106	0.61668	9e-05	0.00204	0.00017	0.17513	77.41095	1.34511	0.00037	0.01174	-2e-05	0.0296	0.86344	-0.12636	0.00019	0.01005	0.0001	-0.0073	-50.46061	-0.53866	-0.0001	0.00141	-9e-05	0.18905	74.81289	1.27868	0.0006	0.01929	-1e-05	0.09106	45.04688	0.68857	0.00022	0.00961	8e-05	-0.04357	-54.00331	-0.54851	-0.00015	-0.00108	-7e-05
58	0.01788	-82.91561	-0.39332	-0.00035	-0.003	-0.00027	0.0185	-23.21151	0.16056	0.0	-0.00156	2e-05	-0.10525	-38.93653	-0.65908	-0.00025	-0.00361	-9e-05	-0.09476	-15.19338	-0.82755	-3e-05	-0.00233	2e-05	-0.06728	-50.05277	-0.66398	-0.00021	-0.00429	-0.00015	0.09823	-43.01448	1.08055	-0.00036	-0.00681	9e-05	0.11868	72.19679	0.45736	0.00048	0.01234	-0.00015	0.13256	-82.74852	0.70222	-0.00046	-0.01484	-0.00013	-0.02741	-16.01509	0.05167	-8e-05	-0.00536	-4e-05
59	0.013	124.55698	-0.26539	0.0007	0.02043	-0.00037	-0.04264	176.35271	0.2322	0.00117	0.02683	-0.0007	-0.03978	4.98355	-0.31395	-2e-05	-0.0007	-0.00049	0.07566	3.80548	-0.08527	0.00028	0.00772	-0.00018	0.03196	-96.79584	-0.08128	-0.00053	-0.01837	-9e-05	-0.11884	-2.49137	-0.25142	-0.00029	-0.00671	0.00051	0.06011	102.4666	-0.18713	0.00051	0.01952	0.00042	-0.14179	-11.51049	-0.34014	-8e-05	-0.01271	-0.00072	-0.03582	12.62921	-0.17468	0.00039	0.00472	0.0002
60	-0.06183	145.97995	-0.46828	0.00091	0.02714	0.00054	-0.01276	-20.14739	-0.69705	-1e-05	0.0022	3e-05	0.02774	130.49499	0.54237	0.00068	0.01397	9e-05	-0.03375	49.00458	0.11182	0.00029	0.00577	9e-05	-0.06104	9.36297	-0.43245	4e-05	0.00039	0.00018	-0.00569	-88.27037	-0.13886	-0.00059	-0.01182	0.00056	-0.01748	94.62215	0.32667	0.00074	0.01523	-0.00019	0.00577	57.89659	0.1706	0.00044	0.00904	-0.0001	0.00019	-37.06011	-0.11582	-0.00018	-0.00377	0.00018
61	-0.05902	14.06131	-0.30378	0.00034	0.00198	-0.00012	-0.00574	69.44117	-0.37148	0.0008	0.01884	4e-05	-0.02497	2.50488	-0.37338	-3e-05	0.00135	0.0004	0.02019	85.0407	0.32031	0.0006	0.0137	-0.00021	-0.02388	29.32505	-0.44248	0.00015	0.00342	-0.00025	-0.14541	-94.88607	-0.86986	-0.00067	-0.01349	-1e-05	-0.00199	3.24417	0.11181	-0.00023	-0.00123	0.00023	0.03625	-31.62336	0.11986	-6e-05	-0.00143	-0.00024	-0.01837	31.05064	-0.08932	0.00018	0.00675	0.00031
62	0.00955	88.46714	0.15916	0.00039	0.00857	-0.00017	-0.01791	-63.36295	-0.68741	-0.00031	-0.00422	-0.00017	-0.13732	99.59147	-0.65704	0.00066	0.01635	-0.00017	-0.00327	9.53583	-0.27635	0.00022	0.00799	-0.00013	-0.00388	-99.16015	-0.28559	-0.00033	-0.00569	-4e-05	0.15639	36.84397	0.48619	0.00032	0.01172	-5e-05	0.267	142.55414	1.65901	0.00082	0.02392	7e-05	-0.02072	-65.42549	-0.33427	-0.00039	-0.01423	-8e-05	0.01289	-19.79868	0.32542	-0.00019	-0.00405	8e-05
63	-0.0261	-2.82645	-0.57762	-0.00015	0.00065	-0.00045	-0.08227	60.44082	-0.46902	0.00027	0.00677	-0.00027	0.018	-69.09911	0.00066	-0.00038	-0.00739	-8e-05	-0.01659	-37.54525	-0.38361	-0.00011	-0.00422	0.00013	0.04989	-35.60432	0.22671	-0.0001	0.00356	-1e-05	-0.01058	71.85028	-0.03371	0.00037	0.01498	-1e-05	-0.02162	-121.64626	-0.60142	-0.00048	-0.01348	-0.0001	0.06249	-131.11322	-0.16357	-0.00065	-0.01357	-8e-05	-0.05581	143.29316	-0.25482	0.00086	0.02426	-0.00032
64	-0.03101	-110.85083	-0.49997	-0.00059	-0.00925	-0.00029	-0.29299	-116.23242	-2.18964	-0.00047	-0.01523	-0.00052	0.13102	118.37933	1.66555	0.0007	0.00253	0.00078	0.10548	111.87638	1.10063	0.00052	0.00857	5e-05	-0.23421	-161.87436	-2.32089	-0.0005	-0.01673	-0.00049	-0.15047	133.73795	-0.72058	0.00077	0.01035	0.00038	0.1617	96.03411	1.85223	0.00027	0.00385	0.00012	-0.03864	-21.95219	-0.3596	-0.00012	0.0026	-0.00043	-0.14631	89.1579	-0.42428	0.00022	0.00598	-0.00022
65	-0.00899	-40.62058	-0.37047	0.00022	0.00821	-0.0003	-0.00976	-25.96608	-0.03173	-0.00013	-0.00451	-1e-05	-0.03044	-122.335	-0.33194	-0.00099	-0.02086	-0.00011	-0.01793	-24.69145	0.24789	-0.00034	-0.011	8e-05	-0.01132	52.14109	0.14143	0.00015	0.00837	0.00015	0.00815	66.07552	0.08614	0.00062	0.01089	0.0001	-0.04697	26.61659	0.04954	0.00043	0.00195	-0.00015	-0.07614	-63.67222	-0.6237	-0.00047	-0.01103	-0.0001	0.01459	-35.02008	0.27713	-0.00038	-0.01047	4e-05
66	0.00347	1.4884	-0.31883	0.00021	0.00755	0.00029	-0.14454	-9.7953	-1.10824	-3e-05	0.00036	0.00031	0.05456	43.18208	0.5288	0.00031	0.0057	0.00042	0.24023	33.19258	1.27013	0.00035	0.01425	0.0001	0.04132	59.28046	-0.19848	0.00054	0.01696	0.00022	-0.11726	-64.06243	-1.18128	-0.00016	-0.00532	8e-05	0.05702	125.9779	0.58049	0.00063	0.01976	-5e-05	0.17337	89.16528	0.84135	0.00063	0.01995	-8e-05	-0.05382	30.06352	-0.61744	0.00017	0.00752	-4e-05
67	-0.05618	-67.76799	-0.68358	-0.00053	-0.00955	-9e-05	-0.07664	-50.79231	-0.57853	-0.00019	-0.00135	-8e-05	-0.0149	41.57657	0.4216	0.00017	0.00358	0.00041	0.01945	58.05203	-0.19246	0.00043	0.0136	-9e-05	0.01102	-8.82315	0.0979	-9e-05	-0.00355	-0.0002	-0.12162	-22.98447	-0.83331	-9e-05	-0.00222	5e-05	0.10779	-45.94202	1.25059	-0.00034	-0.00915	2e-05	-0.0025	-66.62239	0.00062	-0.00029	-0.01413	0.00012	-0.04057	-90.52984	-0.38861	-0.00038	-0.01016	3e-05
68	-0.00871	-40.88963	-0.21366	-0.00031	-0.00427	0.00011	-0.05801	-86.92632	-0.34769	-0.00028	-0.01253	3e-05	0.03115	-50.16168	-0.26911	-0.00034	-0.00654	5e-05	-0.0156	46.40411	-0.16966	0.00047	0.00778	6e-05	-0.01678	-24.08809	-0.41268	9e-05	0.01091	-9e-05	0.02159	-90.97985	-0.02462	-0.00042	-0.00875	0.0	0.0537	-69.16509	0.21489	-0.00022	-0.01007	-5e-05	0.04797	121.49363	0.50523	0.00081	0.02116	0.00016	0.03536	-12.23996	-0.37704	-0.00013	0.00394	-0.00012
69	0.02504	-28.36017	-0.127	-4e-05	0.0001	0.00013	-0.05682	-21.5584	-0.23298	-0.00013	-0.00418	-8e-05	-0.02231	-48.04237	-0.05824	-0.00025	-0.00594	-0.00019	0.01066	-7.94065	0.02537	-1e-05	0.0033	-0.0	-0.00523	78.70287	-0.03642	0.00041	0.01226	-2e-05	-0.11671	-37.17867	-0.93589	-3e-05	0.00073	0.00015	0.01984	-27.36539	0.1978	3e-05	-0.00162	-8e-05	0.0612	-36.52223	0.44029	-8e-05	-0.00216	-3e-05	0.04916	-11.44736	0.47532	-0.00011	-0.00207	0.00028
70	-0.01743	52.35047	0.01121	0.00036	0.01144	-1e-05	0.01936	61.25551	0.04919	0.00048	0.01039	5e-05	-0.0014	-26.39978	-0.64736	0.0001	0.0068	8e-05	-0.02126	-70.98716	-0.43399	-8e-05	-0.00303	-0.00012	0.01497	-6.33772	0.09099	0.00014	0.00115	-9e-05	-0.01715	69.54326	0.58163	0.00032	0.0056	0.0	-0.01122	48.20468	-0.18139	0.00017	0.00923	7e-05	0.02028	9.34871	0.15796	-1e-05	0.00268	-1e-05	0.02189	-22.79044	0.3274	-8e-05	-0.00458	-1e-05
71	-0.09135	102.31136	-0.67337	0.00075	0.02093	0.00011	-0.01684	-17.58062	0.17807	-0.00021	-0.00692	0.00014	-0.03828	-116.39789	-0.62264	-0.00062	-0.01261	0.00022	-0.00758	-75.0891	-0.27557	-0.0005	-0.00884	0.00029	0.05765	2.64866	0.10329	4e-05	0.0046	0.0008	-0.00144	-7.82937	0.1956	-0.00028	-0.00628	0.00046	-0.02108	4.68701	-0.26675	8e-05	0.00243	0.00027	0.02852	99.95585	0.12075	0.00066	0.01664	0.00039	0.01868	-44.1838	-0.09173	-0.00021	-0.00171	0.00021
72	-0.02051	-42.55895	-0.30136	0.0	-0.00049	6e-05	-0.11496	-2.27776	-0.625	2e-05	0.00174	-7e-05	-0.02326	56.60434	-0.33443	0.00039	0.01472	0.00028	-0.00687	-52.35233	-0.57524	-8e-05	0.00037	-0.00028	-0.04039	-28.72379	-0.6385	-0.00017	0.0012	1e-05	-0.0483	-16.86463	-0.24243	-0.00021	-0.00728	-0.00018	0.06427	-7.98496	0.44697	-7e-05	0.00424	-0.00012	-0.04715	-94.76488	-0.39626	-0.00054	-0.01303	-0.00023	0.01465	10.02156	0.10328	-4e-05	-0.00355	-0.00023
73	-0.07499	-80.38024	-0.55484	-6e-05	-0.00371	-0.00037	0.07824	44.04511	0.57119	2e-05	0.00252	0.00042	-0.11298	33.49567	-1.22925	0.00017	0.00944	0.00027	-0.00487	-73.69877	0.19489	-0.00062	-0.01423	-1e-05	-0.03556	-32.48842	0.12323	-0.00018	-0.00614	0.00026	0.00129	18.01207	0.29874	-0.0003	-0.00282	0.00081	-0.0514	-115.03088	-0.19702	-0.00103	-0.02599	-0.00029	0.03805	15.39662	0.39901	0.0	-0.00026	0.00014	0.04495	130.14692	0.57995	0.00066	0.01769	0.0004
74	-0.00938	26.76286	-0.11952	0.00015	0.00784	-0.00027	-0.04333	-28.68536	-0.81469	0.0002	0.00843	2e-05	0.02835	-59.33548	0.15177	0.00014	-0.00562	6e-05	0.00523	6.33018	-0.19559	5e-05	0.0077	0.00024	-0.0022	69.04113	0.10863	0.00035	0.00817	0.00014	0.02694	-45.44021	-0.51443	-0.00011	0.00466	-0.00014	0.02179	150.65093	0.26774	0.00104	0.02199	-5e-05	0.03603	-100.05271	0.31869	-0.0005	-0.01112	-4e-05	0.09046	4.49024	-0.04159	9e-05	0.0067	-0.0002
75	-0.08708	-91.48783	-0.87424	-0.00056	-0.01122	-1e-05	-0.00706	-80.97063	-0.36877	-0.00036	-0.00677	2e-05	0.00808	-5.54331	0.35404	-5e-05	-0.00187	8e-05	0.0679	-102.03531	0.5784	-0.00067	-0.0124	9e-05	-0.04914	-33.47861	-0.27213	-9e-05	-0.00812	-0.00021	-0.0393	-79.50592	-0.38967	-0.00044	-0.01036	-1e-05	-0.05213	4.77809	-0.46637	-2e-05	0.00425	-9e-05	0.05833	-39.47887	0.88137	-0.00045	-0.01298	0.00026	-0.04046	97.39693	-0.04346	0.0006	0.01177	-9e-05
76	0.07839	-12.16374	0.27573	-1e-05	-0.00027	-0.00013	0.13772	39.30554	0.56861	0.00016	0.00826	-0.0001	-0.097	-77.25122	-0.72513	-0.00012	-0.00474	0.0001	-0.09645	42.57084	-1.08937	0.00045	0.0101	-9e-05	0.06879	150.50458	-0.03857	0.0006	0.02248	-4e-05	-0.01213	52.59184	-0.53163	0.00015	0.00962	-7e-05	0.13072	46.9716	0.19971	0.00025	0.00623	1e-05	-0.08144	-2.8515	-0.78646	-8e-05	-0.00041	-2e-05	0.07395	-20.82205	0.42776	-0.00032	-0.01046	-0.00017
77	-0.06787	-37.11584	-0.4665	-0.00019	-0.00091	-0.00013	-0.04504	-34.46774	-0.62287	-0.0004	-0.00869	-0.00012	-0.06464	60.68907	-0.60969	0.0006	0.01388	0.0	-0.07983	78.6821	-0.00682	0.00019	0.00497	0.00023	-0.02827	-57.0138	0.10979	-0.00037	-0.00578	3e-05	0.01505	-1.60214	-0.33428	4e-05	0.00573	-0.0003	0.0467	87.14213	0.16296	0.00042	0.01526	0.0002	0.02064	-88.25319	0.49856	-0.00075	-0.01389	1e-05	0.00637	47.23244	0.41092	0.00015	0.00371	0.00027
78	0.08024	-17.68907	0.02397	6e-05	0.00628	-0.00032	-0.09778	59.94325	-0.88635	0.00045	0.01314	0.00011	0.04117	76.2064	-0.15114	0.00068	0.02007	7e-05	-0.03571	-68.62798	-0.53201	-0.00032	-0.00848	-0.00014	-0.03776	-50.91359	-0.39676	-0.00054	-0.0114	0.00025	-0.11001	77.05165	-0.29731	0.00038	0.00719	-5e-05	-0.05719	58.28866	-0.11171	0.00015	0.00641	-0.00035	-0.07393	33.48574	-0.54144	0.00031	0.00704	-0.00021	-0.06391	4.75827	-0.17334	0.00024	0.00087	-6e-05
79	0.05069	-183.58068	0.06573	-0.00091	-0.02046	-7e-05	-0.00225	107.02882	-0.17632	0.00067	0.01578	0.0002	0.09416	-6.56481	0.17321	-0.00069	-0.0097	0.00061	0.01293	-63.18919	-0.72427	8e-05	0.01134	0.0007	-0.01385	-245.24988	-0.01481	-0.00141	-0.04555	-0.00033	-0.04551	-93.73501	-0.48727	-0.00025	-0.01353	0.00014	-0.03227	-133.05246	0.0085	-0.00054	-0.01827	0.00029	-0.01228	67.0758	-0.13634	0.00069	0.00376	-0.00022	-0.24188	-2.83028	-1.16888	5e-05	-0.0083	0.00032
80	0.06059	-43.05745	0.07853	-0.0002	-0.00566	-0.00018	-0.06218	54.38751	0.19213	3e-05	-0.00504	3e-05	-0.10825	45.60657	-0.5278	0.00012	0.00459	-4e-05	-0.04904	-9.51842	-0.28603	-0.00011	-0.00568	0.00025	0.05038	-52.64144	-0.34304	-0.00024	0.00286	0.00029	0.04785	-92.80934	-0.15037	-0.00047	-0.011	8e-05	0.04576	-13.63954	-0.28911	3e-05	0.00453	0.00011	-0.01215	-22.16396	-0.13249	-7e-05	-0.00061	-6e-05	0.04451	106.03995	-0.44418	0.00048	0.02134	0.00049
81	0.05668	-90.22783	0.8633	-0.00112	-0.02907	-0.00013	0.26845	57.07111	0.41998	0.00089	0.02646	-0.00032	-0.04411	134.89666	-0.14603	0.00122	0.03787	-0.0002	-0.24819	-119.5145	-0.72573	-0.001	-0.04421	-1e-05	-0.30203	-57.72723	-1.17446	-0.00053	-0.01441	-0.00042	-0.29846	96.33808	-0.7021	0.00079	0.00929	-0.00038	0.14069	108.63084	-0.43846	0.00072	0.03437	-8e-05	-0.30301	-139.83486	-0.22548	-0.00159	-0.04144	-0.00029	0.24172	130.34752	0.06915	0.00127	0.04171	-0.00051
82	-0.00038	34.99573	0.04779	0.0003	0.00878	0.00013	0.09286	-83.70192	0.09837	-0.00063	-0.00884	3e-05	0.00038	3.92219	-0.40005	3e-05	0.00637	6e-05	-0.00477	-13.76842	-0.47618	0.0	-0.00246	0.00018	-0.12705	-48.67007	-1.38799	-0.0005	-0.0072	1e-05	-0.08447	-39.48528	-0.65327	-0.00017	-0.0072	-9e-05	-0.10547	-20.64202	-0.73644	-5e-05	-0.00419	4e-05	-0.09558	-39.03537	-0.0876	-0.00021	-0.01154	-0.0	0.04507	49.9865	0.7563	0.0	0.00205	-8e-05
83	-0.00525	30.55157	-0.51614	0.00037	0.01322	-0.00013	-0.04415	-9.86398	-0.61911	-2e-05	-0.00036	-2e-05	0.01856	58.29138	0.08836	0.00029	0.01192	0.00015	-0.06656	-35.5088	-0.58357	-0.00021	-0.00125	-0.00011	-0.11208	-34.09704	-1.02954	-0.0003	-0.00749	-0.00018	-0.02929	2.43862	-0.22088	4e-05	0.00535	-6e-05	-0.02762	12.64117	0.14543	-1e-05	-0.00696	-0.00018	-0.01069	45.51275	0.21757	0.00028	0.00292	-0.00012	0.03588	28.169	0.16328	0.00037	0.00575	0.00014
84	-0.01916	-57.20269	-0.50941	-0.0001	0.00069	-3e-05	-0.10123	128.12531	-0.97609	0.00074	0.02284	-3e-05	0.02749	-7.24705	0.37609	0.00013	0.00348	0.0003	0.00472	51.03792	0.21165	0.00029	0.00667	-0.00021	-0.02133	-30.9593	-0.30807	-0.00011	0.00074	0.00016	0.07384	21.15275	0.4888	0.00012	0.00373	0.0002	0.03728	-35.35254	0.62719	-0.00061	-0.01226	0.00039	0.01541	50.8502	0.13887	0.00028	0.00939	-4e-05	0.02384	-43.24338	0.02444	-0.00024	-0.00492	-9e-05
85	0.03783	-59.27815	0.63151	-0.00025	-0.00712	0.00021	-0.04036	-60.76034	-0.24324	-0.00012	-0.0015	0.00013	-0.07736	60.50524	-0.40181	0.00013	0.00314	0.00021	-0.00378	-41.68591	-0.23652	-0.00017	-0.00596	-0.00014	-0.02164	71.27841	-0.35241	0.00046	0.00909	-0.00018	0.03223	33.72621	0.36293	-6e-05	0.00104	6e-05	-0.04593	-99.99848	-0.29119	-0.00044	-0.01442	0.0002	-0.10095	-46.38615	-0.52368	-0.00011	-0.00255	4e-05	0.09378	-27.94224	0.90234	-0.00031	-0.00941	-2e-05
86	-0.04298	-30.19121	-0.37372	-0.00029	-0.00312	0.00019	-0.15845	-23.38894	-1.08864	-0.00018	-0.00423	0.00011	0.0031	-78.82122	0.21407	-0.00041	-0.00962	0.00013	-0.01886	-75.09913	-0.08906	-0.00041	-0.00824	4e-05	0.01372	70.77923	-0.1794	0.0004	0.00898	-8e-05	-0.03404	-34.84233	0.00962	-0.00055	-0.01109	-4e-05	0.05654	3.78306	0.27223	-5e-05	-0.0039	-5e-05	-0.10126	-66.83427	-0.63297	-0.00019	-0.00785	-5e-05	0.01459	-40.4167	-0.53287	-0.00014	-0.00171	-0.0001
87	0.12499	49.97682	0.68384	0.00018	0.00442	-4e-05	-0.07383	-51.01374	-0.05513	-0.00029	-0.00867	8e-05	0.06219	-77.09179	-0.10639	3e-05	0.00031	-6e-05	0.27609	-32.22557	1.67385	0.0	-0.00149	7e-05	0.10518	28.2324	0.79445	0.0002	0.00709	0.00013	-0.02764	66.8465	0.58179	0.00032	0.00402	5e-05	0.10242	41.24933	0.80143	0.00027	0.00882	0.00012	0.2133	-54.83107	1.70372	-0.00059	-0.01055	-0.00011	-0.03449	65.67393	0.00815	0.00044	0.00662	-9e-05
88	-0.00819	141.76458	-0.51049	0.00121	0.03153	-0.00035	-0.17655	-84.99317	-0.86415	-0.0002	-0.00712	4e-05	-0.01223	41.1205	-0.58773	-9e-05	-0.00048	-0.00043	-0.2677	-106.87423	-0.69934	-0.00098	-0.03383	-0.00013	0.16938	-264.98349	1.07748	-0.00175	-0.03891	-0.00032	0.1025	-145.08748	0.92092	-0.00115	-0.03771	8e-05	-0.17912	-50.00889	-0.81878	-0.00068	-0.0212	-0.00021	-0.14644	-123.3978	-0.29955	-0.00077	-0.02065	0.00023	-0.36584	-3.23189	-1.16615	-0.00025	-0.01996	-0.00038
89	-0.22886	-68.89813	-0.57826	-0.0005	-0.02254	-0.00022	0.03753	-6.07048	0.24211	5e-05	0.00302	0.00034	0.13666	-32.2818	0.40645	-7e-05	0.00402	-0.00017	-0.08844	13.91583	0.60314	-6e-05	-0.0108	-0.00012	0.02154	-65.13095	-0.70047	-0.00033	-0.00769	-0.00016	-0.07583	55.83962	-0.47177	0.00028	0.00852	-1e-05	-0.03136	-52.2121	0.54373	-0.00033	-0.01008	-4e-05	0.07564	-29.02093	-0.1148	-5e-05	0.0029	0.00014	-0.02468	-71.07059	0.31922	-0.00059	-0.01599	-1e-05
90	0.14347	-32.59366	0.38873	1e-05	0.00477	-0.00014	-0.08775	56.14837	-0.93044	0.0006	0.01802	-3e-05	0.01166	20.55529	-0.00603	0.00028	0.00637	-6e-05	-0.05332	59.2959	-0.27406	0.00033	0.00803	0.0001	-0.08468	-99.83916	-0.79201	-0.00056	-0.01093	0.00065	-0.02266	44.81303	0.16625	0.00022	0.00408	0.00011	-0.01824	-50.40829	-0.12916	-0.00049	-0.0118	-1e-05	0.06567	84.81685	0.37728	0.00045	0.01282	-0.00023	-0.00663	26.22736	0.11691	0.00017	0.00884	-8e-05
91	-0.02974	-73.97507	-0.49303	-0.00024	-0.00888	-5e-05	-0.16081	-8.01342	-1.06538	-0.00013	-0.00307	-0.00019	-0.00526	-65.97411	0.12021	-0.0004	-0.0104	6e-05	0.02463	50.98442	0.11781	0.0003	0.00887	-2e-05	0.04401	-14.35648	0.07199	-0.00011	-0.00207	-9e-05	-0.0637	10.46234	-0.25812	2e-05	-0.00102	-0.00011	-0.12973	-11.67102	-0.77718	0.00013	-0.00144	7e-05	0.01571	7.10279	0.42638	-1e-05	-0.00101	-3e-05	-0.03082	-22.83352	-0.11884	-0.00026	-0.00677	9e-05
92	-0.19899	-93.5806	-0.65191	-0.00077	-0.02591	0.00031	0.02139	-21.02895	-0.47081	0.00039	0.00903	-5e-05	0.15779	-120.91104	0.47595	-0.00058	-0.01559	-0.00017	-0.00871	7.55067	0.12535	0.00019	0.00886	-5e-05	-0.00265	-18.27863	-0.45193	-0.00022	-0.00229	0.00013	-0.03183	-74.09063	-0.04222	-0.0003	-0.00621	1e-05	0.06291	8.97197	-0.0911	0.00016	0.01096	0.00034	-0.14695	-40.66167	-1.22633	-0.00032	-0.00711	-7e-05	-0.09767	187.07985	-0.55324	0.00101	0.02334	-0.00027
93	-0.03734	-11.72942	-0.59629	0.0002	0.00484	-0.00026	-0.01718	43.82066	-0.5598	0.00022	0.00983	0.00029	-0.04192	-21.22644	-0.38401	-8e-05	-0.0016	0.00013	-0.02622	12.22533	-0.06334	-6e-05	-0.00077	0.00028	-0.02293	-25.39218	-0.30022	-0.00026	-0.00399	-2e-05	-0.03557	55.39492	0.17779	0.00035	0.00602	0.00034	0.04249	-25.09315	-0.17393	-0.00026	-0.00062	-0.00017	-0.02668	40.73778	-0.21809	0.00021	0.00762	0.00013	0.01326	57.0044	0.32962	0.00038	0.00478	5e-05
94	0.00508	78.75145	-0.06446	0.00053	0.01266	0.00021	-0.01462	4.80213	-0.32508	0.00022	0.00182	5e-05	-0.03746	43.74713	-0.20992	0.00023	0.00784	3e-05	-0.00793	35.81387	0.12846	0.0003	0.00678	-1e-05	0.04386	8.71422	0.08606	-5e-05	0.00287	0.00021	-0.12746	24.87172	-0.6557	0.00018	0.00344	-6e-05	-0.03262	-19.15641	-0.2451	-6e-05	-0.00392	2e-05	-0.00917	-2.78481	0.10798	-0.00024	-0.00385	-7e-05	0.05817	-62.89097	-0.09794	-0.00014	-0.0012	-0.00019
95	-0.06178	17.40911	-0.77536	0.0004	0.01264	-0.00022	-0.1157	64.84973	-1.19264	0.00044	0.01438	3e-05	0.03397	-6.63052	-0.03913	-0.00015	-0.00133	-0.00022	-0.09598	64.75209	-0.35598	0.00036	0.0087	0.00043	-0.01941	19.73977	-0.18274	7e-05	0.00092	1e-05	-0.05201	-56.70248	-0.15493	-0.00045	-0.01296	4e-05	0.04872	79.45404	0.81006	0.00039	0.00321	0.00012	-0.00751	-70.99893	0.08399	-0.00039	-0.01101	-0.00016	-0.13361	13.93619	-1.3359	0.00036	0.00437	-0.00012
96	0.14002	64.06167	0.16074	0.00058	0.02366	-0.00039	-0.10498	-35.55306	-0.68549	4e-05	-0.0009	0.00035	-0.09696	-39.96553	-0.27961	-0.00044	-0.00729	0.00011	0.0909	-209.04157	1.33788	-0.00115	-0.03374	-2e-05	-0.02075	35.59032	-0.16517	-0.0001	0.00171	0.00022	-0.08297	170.942	-0.76066	0.001	0.02813	0.00026	0.07843	21.70737	-0.0719	0.00064	0.01975	-3e-05	0.04735	107.56807	0.51264	0.00093	0.02176	-1e-05	-0.14781	-7.30414	-0.71319	0.0001	-0.00728	2e-05
97	-0.06614	-46.50717	-0.70952	-0.00013	0.00095	-0.00016	-0.091	64.89716	-0.66978	0.00046	0.01107	-7e-05	0.03572	-59.14231	0.20366	-0.0004	-0.00975	0.00012	-0.00599	6.15376	0.08953	0.00014	0.004	-5e-05	-0.06929	-32.58764	-0.54213	-0.00027	-0.00534	0.0003	-0.02883	55.05265	-0.16167	0.00022	0.00481	0.00011	-0.02155	-35.61207	-0.02357	-9e-05	-0.00126	-6e-05	0.03383	-29.10883	-0.09664	-0.00025	-0.00447	-7e-05	-0.01363	80.92332	-0.1019	0.00044	0.0098	-0.0001
98	0.07752	92.02029	0.59684	0.00049	0.00029	-0.00012	-0.02612	283.98526	-0.16755	0.00135	0.0436	0.00054	0.03794	7.27956	0.06812	2e-05	0.00225	-0.00041	0.04448	448.57282	0.6722	0.00233	0.0599	0.00102	-0.04141	16.33292	-0.63106	0.00011	0.00755	-0.00048	0.04671	222.48935	0.88858	0.00092	0.02076	5e-05	0.03539	247.02447	-0.09361	0.00166	0.04526	-0.00059	-0.05337	50.83504	-0.13093	-1e-05	0.00595	-0.00036	-0.03452	-99.09694	-0.85303	-0.00041	0.00012	-0.00012
99	-0.03245	-35.6537	-0.3168	-0.00013	-0.00291	-9e-05	-0.07244	-14.38162	-0.68229	-0.00012	9e-05	0.00017	0.01043	-17.61065	-0.00226	-0.00014	-0.00374	5e-05	-0.03051	-20.24479	-0.36091	-0.00019	-0.00365	0.00013	0.04049	10.21519	0.36832	0.00017	0.00299	0.00012	-0.02741	27.65825	-0.11882	0.00014	0.00304	0.00016	-0.03905	-13.535	-0.379	6e-05	0.00015	-3e-05	0.03152	23.00323	0.02045	0.00013	0.00295	8e-05	0.01714	11.55371	0.0576	0.00015	0.0044	1e-05
100	-0.04962	-153.7035	-0.54472	-0.00081	-0.01984	0.00015	-0.09802	23.91199	-0.42885	0.00018	0.00183	-0.00013	-0.00588	-24.40371	-0.24694	-2e-05	-0.00095	-0.00017	0.04906	-2.31439	0.33347	1e-05	0.00319	0.00011	-0.03367	85.83211	-0.55195	0.00047	0.01613	0.00028	-0.14721	68.3513	-0.94398	0.00034	0.00677	0.00012	0.12587	-123.92072	0.36754	-0.00062	-0.01221	-0.00014	0.07399	37.2548	0.32829	0.0002	0.00898	-0.00024	-0.04686	27.06499	-0.29577	0.00033	0.00828	-0.00022
101	-0.00916	73.85163	0.0617	0.00051	0.01263	3e-05	-0.13672	112.78397	-0.75641	0.00069	0.01839	0.00015	0.04281	182.77798	0.36986	0.00083	0.02811	0.00056	-0.03982	-42.7377	-0.35673	-0.0002	-0.00049	-6e-05	-0.11915	74.05274	-1.1626	0.00058	0.01734	0.00014	-0.10514	27.13402	-0.74417	0.00027	0.0076	-0.0001	0.02153	-29.34515	0.27759	-0.00051	-0.01198	-0.0002	0.05321	7.79699	0.34776	-0.00022	-0.00383	8e-05	-0.0236	-121.71342	0.00864	-0.00081	-0.02513	-7e-05
102	0.12346	51.0883	0.66847	0.00084	0.01411	-0.0001	0.00683	-46.24804	0.35659	-0.0001	-0.00775	-0.00014	0.10892	91.77201	0.8469	0.00038	0.00694	-1e-05	0.1155	25.28015	0.32548	-0.00014	0.00539	7e-05	0.11677	-55.12206	0.31084	-6e-05	-0.00074	0.00011	0.003	-14.25191	0.39567	-0.00014	-0.01078	-0.00027	0.0935	-14.09851	0.61186	-0.00012	-0.00516	0.00013	0.1119	18.60614	0.43359	0.00039	0.00378	0.00016	0.15025	28.38084	0.97443	0.00018	-0.00263	4e-05
103	0.01775	-11.0568	-0.1802	-0.00017	0.00117	-0.00026	-0.09143	10.88656	-0.69434	0.00014	0.00265	3e-05	0.03009	23.53596	0.05721	0.00011	0.00553	2e-05	0.02778	27.25766	-0.04558	0.00021	0.006	0.00032	-0.08325	5.98734	-0.82514	7e-05	0.00141	0.00028	-0.03497	22.81468	0.1224	3e-05	0.00037	8e-05	-0.11356	31.81882	-0.53329	0.00024	0.00435	5e-05	-0.02349	-56.01463	-0.29059	-0.00047	-0.01228	0.00012	0.09811	68.07601	0.83067	0.00027	0.00871	0.0003
104	-0.02128	26.45069	-0.27229	0.00024	0.00934	9e-05	-0.09807	11.54809	-0.71164	-0.0	0.00181	-6e-05	0.02684	-82.49463	0.03419	-0.00038	-0.00831	0.00025	0.01787	28.91193	0.09608	1e-05	0.00625	7e-05	-0.08627	-6.62839	-0.8999	6e-05	0.00441	-0.00012	-0.01416	-45.05013	-0.50068	-0.00025	-0.00361	-8e-05	-0.03058	34.51291	-0.11841	0.00024	0.00555	-7e-05	-0.0023	38.87888	0.12933	0.00016	0.00468	3e-05	0.00331	5.12973	-0.23293	-1e-05	0.0026	8e-05
105	0.22894	112.02651	0.17608	0.00067	0.03464	0.00022	-0.01362	-99.95739	-0.65257	-0.00099	-0.0172	0.00022	-0.02376	170.58352	-0.48982	0.00149	0.03068	0.00024	0.03455	50.91902	0.54408	9e-05	0.00155	-0.00012	0.07882	-112.79328	0.27527	-0.00058	-0.01342	0.00017	0.01173	-182.02622	-0.44524	-0.00094	-0.02444	0.00026	-0.08577	-56.61298	0.30408	-0.0008	-0.02613	-3e-05	0.12598	73.25316	0.37761	0.00061	0.01254	-5e-05	-0.07024	-183.81059	-1.26323	-0.00084	-0.02039	0.00014
106	-0.19155	-78.19832	-0.14429	-0.00018	-0.0208	-4e-05	-0.29769	34.6999	-0.45139	-0.00036	-0.01232	-0.00046	0.13606	6.56425	0.17185	0.00063	0.0227	-0.00053	0.00985	-85.6058	0.25704	-0.0002	0.00086	-0.00054	-0.39801	-63.2686	-0.81259	-0.0012	-0.03488	-0.00036	0.15497	-158.36446	-0.04048	-0.00052	-0.02634	9e-05	0.02617	159.91905	0.07344	0.0006	0.01806	0.00095	-0.5026	56.31142	-0.77729	-0.0001	-0.01986	-0.0005	0.01341	-59.56945	-0.42814	-0.00036	-0.02461	-4e-05
107	0.10138	-35.34668	0.03056	0.0002	0.01112	4e-05	0.07295	-19.07851	0.51036	-8e-05	-0.00431	-0.00025	-0.06695	-22.58414	0.04124	8e-05	0.00657	0.00056	0.10478	147.46864	0.16664	0.00071	0.02855	0.00084	0.06292	-108.38056	-0.12129	-0.00068	-0.01449	0.00057	0.00322	69.93862	0.17988	0.00025	0.00681	0.00066	-0.02209	21.38949	0.20162	-1e-05	0.00024	0.00152	-0.03032	-19.89874	-0.19753	-0.00011	-0.00318	-0.00023	0.11626	-117.65902	0.7218	-0.00059	-0.0163	0.00055
108	-0.02406	0.05415	0.28849	8e-05	-0.0016	-0.00024	-0.10071	-132.9992	-0.35018	-0.00091	-0.03288	5e-05	-0.0827	11.45421	-0.51567	0.00019	-0.00471	-0.00029	-0.07181	-1.61791	0.12752	-0.0001	-0.00315	8e-05	0.11398	-56.33248	-0.02052	-0.00032	-0.00102	-2e-05	0.08592	-119.828	-0.20746	-0.00076	-0.01271	1e-05	0.01346	-9.72703	-0.60707	-0.0001	0.00693	-0.00028	-0.03626	-123.83264	0.5588	-0.00088	-0.02794	-2e-05	-0.07837	-94.01358	-0.00263	-0.00048	-0.02713	0.0001
109	-0.07393	-72.29632	-0.64979	-0.00029	-0.00924	9e-05	-0.17562	-22.94501	-1.70065	-0.00021	-0.00149	-0.00012	0.0347	-72.97844	0.57023	-0.00059	-0.01622	1e-05	0.11108	-71.02918	0.36713	-0.00012	0.00059	-0.00011	0.02588	119.84367	-0.1403	0.00073	0.02394	-5e-05	-0.01289	76.43089	-0.01023	0.00039	0.00913	0.00024	-0.0679	-110.84269	-0.32142	-0.00084	-0.02025	0.00022	0.02661	53.22729	0.35211	0.00028	0.00492	0.00027	0.05082	14.66984	0.5284	-6e-05	0.00236	-0.00016
110	0.05601	97.74773	0.1558	0.0002	0.00973	-1e-05	-0.12819	-4.83134	-1.23123	-0.00017	-0.00148	9e-05	-0.07364	0.20829	-0.37377	0.0	0.00152	-0.00011	-0.01369	56.05354	0.41627	0.00017	0.00383	-0.00019	0.1056	5.57515	-0.318	0.00024	0.0078	6e-05	0.0614	31.62387	-0.46954	0.00036	0.00736	9e-05	-0.09294	-145.32628	-0.7786	-0.00063	-0.01507	0.00017	0.04054	-91.66555	0.24875	-0.00043	-0.01058	0.0001	-0.03028	-155.25282	-0.48223	-0.00087	-0.0224	-6e-05
111	-0.09801	-88.78689	-0.4649	-0.00033	-0.02222	-0.00098	0.0147	-84.76591	0.07946	-0.00078	-0.01919	-2e-05	-0.04517	-85.18309	-0.17951	-0.00052	-0.01341	-0.00023	0.10176	-19.92575	-0.33173	0.00011	0.00873	0.00048	0.03187	194.13565	-0.50925	0.00132	0.04386	-0.00088	0.03845	37.75654	-0.13115	0.00038	0.00552	0.00027	0.02692	-118.52174	0.15231	-0.00091	-0.01363	-0.00018	-0.00747	-437.95736	0.03423	-0.00307	-0.0749	0.00087	-0.16936	167.07167	-0.96724	0.00129	0.03816	-0.00049
112	-0.00542	63.70533	-0.13649	0.00046	0.00908	-0.00018	-0.12196	54.36045	-1.34841	0.0003	0.01284	0.00028	-0.01199	54.92682	0.73773	1e-05	0.00074	0.00029	0.01316	-100.66206	-0.37127	-0.00057	-0.01056	8e-05	-0.08682	-66.29802	-0.84171	-0.00042	-0.01018	0.00013	-0.06334	-73.59555	-0.3896	-0.00056	-0.01277	-0.00036	-0.04495	1.47144	0.03533	0.00011	0.00198	8e-05	-0.03509	48.38106	-0.43251	0.00024	0.00802	-0.00029	0.05087	-106.30301	0.35679	-0.00051	-0.01713	-0.00018
113	-0.03185	76.39061	-0.9352	0.0006	0.01981	-0.00022	0.06019	79.88787	-0.10657	0.00047	0.01632	0.00026	-0.135	-28.80405	-0.93544	8e-05	-0.00481	-0.00021	-0.28518	-79.13163	-0.71993	-0.00092	-0.03612	-0.00013	0.05753	-135.59061	-0.20914	-0.00088	-0.01808	0.00013	-0.02748	-131.37335	0.08539	-0.00048	-0.01368	-8e-05	-0.04768	-18.52664	0.01653	7e-05	0.00761	3e-05	0.0932	-131.86763	-0.157	-0.00068	-0.01523	-0.0003	-0.09444	48.30018	0.58546	9e-05	0.00451	0.00019
114	-0.04714	16.12051	-0.61335	1e-05	0.0047	0.00029	-0.03672	-94.27068	-0.6995	-0.00031	-0.00663	0.00032	-0.03585	96.43079	-0.37184	0.00045	0.01	8e-05	0.04079	15.86202	0.2563	-0.0001	-0.00038	0.00023	0.01639	-59.25582	-0.10123	-0.00051	-0.01164	0.00067	-0.02714	45.15788	0.18588	-2e-05	0.00247	0.00028	-0.13139	-89.03184	-1.11838	-0.00043	-0.01268	0.00027	-0.04475	-42.00696	-0.20902	-0.00034	-0.01382	0.00014	0.01107	8.29249	-0.23837	-7e-05	-0.00065	0.0002
115	0.04263	69.00575	0.73671	0.00078	-0.00564	-7e-05	-0.02889	-49.95167	-0.23988	-0.00014	-0.00982	-0.00027	-0.04083	-11.36611	-0.60983	0.00046	0.00722	-0.00078	-0.2768	10.92623	-0.87173	-7e-05	-0.00691	-0.00032	-0.04791	160.00089	-0.66042	0.00076	0.02956	0.00064	-0.01213	148.56133	-0.3683	0.00077	0.01732	0.00068	-0.02922	49.34977	0.93593	0.00028	-0.00547	0.00041	0.11167	-217.35953	0.484	-0.00118	-0.03278	-0.00013	0.02297	175.53882	-0.11583	0.00074	0.0207	-0.0008
116	0.01535	83.98171	0.33911	0.0004	0.01038	-7e-05	-0.06792	19.78705	-0.63946	0.00012	0.00075	0.00012	0.02695	-18.93299	0.06991	-1e-05	0.00106	-8e-05	-0.08602	55.96806	-0.2554	0.00033	0.00743	0.00013	-0.04037	19.17001	-0.3824	0.00015	0.00874	0.00021	-0.08584	34.92226	-0.65547	0.0002	0.00651	0.00025	0.01433	-41.37077	0.06993	-0.00014	-0.00463	-0.00014	0.01057	-34.58674	-0.40071	-0.00023	-0.00099	-0.00014	-0.00623	-42.88407	-0.34382	-0.00023	-0.00588	0.0
117	-0.0221	-34.00212	-0.75488	-0.00054	-0.00891	-0.00032	-0.26384	-209.67372	-0.62255	-0.00169	-0.06298	-0.00014	-0.08165	-28.68155	0.41786	-0.00026	-0.01315	0.00038	0.09385	338.70431	-0.69865	0.00167	0.07708	-8e-05	0.03415	66.35701	0.57064	0.00048	0.01569	-0.00045	-0.32372	-145.90385	-0.60285	-0.00108	-0.03824	-0.00029	-0.11532	-285.21723	-1.23395	-0.001	-0.03794	2e-05	-0.02594	59.27069	0.4072	7e-05	0.00748	-0.00046	0.15474	-250.38425	0.99573	-0.00159	-0.04	-0.00027
118	0.03158	11.04902	-0.31552	0.00019	0.00761	-3e-05	-0.04357	-71.48522	-0.69732	-0.0003	-0.00387	-6e-05	0.0685	-12.59469	0.34391	-0.00011	0.00276	0.00018	0.01783	132.28098	0.12077	0.00085	0.0195	-0.00011	-0.06731	-68.99188	-0.418	-0.0005	-0.00893	0.00013	-0.12492	-87.24773	-0.89204	-0.00058	-0.02185	2e-05	0.027	66.0195	0.30817	0.0002	0.00509	0.0004	0.00385	-41.12675	0.05025	-0.00039	-0.0093	8e-05	-0.01074	-123.5152	-0.51933	-0.0005	-0.01574	-2e-05
119	-0.12237	-116.50837	-1.51996	-0.00025	-0.00931	0.00014	-0.00105	-113.9648	-0.07548	-0.00078	-0.01992	0.00036	0.08755	39.20703	0.07323	0.00027	0.01321	8e-05	-0.03191	10.07087	0.50838	-3e-05	-0.00755	-1e-05	-0.1419	-39.43446	-1.26566	-0.00048	-0.00446	0.00063	0.09491	-23.37664	0.98169	5e-05	-0.00202	0.00018	0.02931	7.19816	0.25429	0.0002	0.00547	0.00045	-0.12927	-32.53353	-0.72087	-8e-05	-0.00815	3e-05	-0.13042	-110.31407	-0.34286	-0.00029	-0.01642	-0.00026
120	-0.07758	-62.5979	-0.98639	-0.00037	-0.00424	-0.0	-0.03593	87.34043	-0.80212	0.00062	0.01676	0.00017	-0.03823	-46.09664	-0.03888	-0.00034	-0.00324	2e-05	0.03664	15.35516	0.31682	0.00021	-0.00146	-0.00012	0.00203	-25.17756	0.13109	-0.00053	-0.01078	0.00024	-0.05556	-60.41438	-0.39195	-0.00047	-0.01179	-0.00013	0.04103	-101.74285	0.08348	-0.00085	-0.01922	5e-05	-0.12602	100.50946	-0.21486	0.00064	0.01169	6e-05	-0.01111	-29.38608	-0.06833	-0.00029	-0.00388	9e-05
121	0.02978	-49.07879	0.02195	-0.00019	-0.00263	9e-05	-0.03596	-46.79456	0.01659	-0.00023	-0.00713	-0.00023	0.02851	3.75939	0.19951	0.00023	0.00571	-0.0	0.02757	10.21451	0.05146	0.00026	0.00236	-0.00014	-0.02328	55.96366	0.18262	0.00027	0.00454	-0.00016	0.04696	50.02714	0.31745	0.00047	0.00861	-0.00031	-0.00327	13.40701	0.0521	0.0	0.0023	-0.00032	-0.04782	-50.26639	-0.28886	-0.00027	-0.00606	0.00017	0.01735	9.92297	0.15458	0.0001	0.00601	0.00023
122	-0.04749	-51.67531	-0.43946	-0.00028	-0.00787	-0.00011	-0.07343	-71.90489	-1.01709	-0.00025	-0.00546	3e-05	-0.03431	28.05614	-0.55858	0.0003	0.00741	-5e-05	-0.05199	-18.91257	-0.25456	-0.00013	-0.00378	0.00013	-0.00967	-30.14287	-0.30731	-0.00023	-0.00264	3e-05	-0.01921	73.56823	-0.07118	0.00054	0.01111	0.00011	0.00359	31.40051	0.10792	8e-05	0.00077	-1e-05	0.00941	-35.57791	0.14052	-0.00028	-0.00584	0.00011	-0.01366	53.66514	0.00499	0.00051	0.01097	-6e-05
123	-0.04086	-189.76225	-0.56566	-0.00104	-0.03009	-0.0001	0.00471	117.54387	-0.5624	0.00057	0.02029	-0.00042	-0.14071	61.36223	-0.67019	0.00025	0.00527	0.00046	0.10313	-57.18946	0.12979	7e-05	-0.00044	-0.00013	-0.01294	-24.124	0.052	-0.00028	-0.00256	6e-05	-0.10696	-68.68584	-0.63096	-0.00012	-0.00761	-4e-05	-0.08048	112.21647	-0.66854	0.00078	0.0313	-0.00016	0.00493	-157.88432	-0.71084	-0.00049	-0.01499	9e-05	0.20792	70.66807	1.72535	0.00018	0.01074	-8e-05
124	0.09111	-13.24223	0.65953	3e-05	0.00107	-1e-05	0.042	-174.42243	0.33295	-0.00085	-0.02556	-0.00038	0.18024	50.19631	-0.1947	0.00056	0.02603	0.00017	-0.19477	-128.65346	-1.1358	-0.00076	-0.02806	-0.00031	-0.20496	-65.22045	-0.97738	-0.00033	-0.01583	-0.00039	-0.02062	50.66911	-0.12543	0.00026	0.01053	-3e-05	-0.04502	13.40658	-0.49903	-0.00052	-0.01794	-0.0001	-0.11744	48.08085	-0.24473	0.00015	0.00067	0.00018	-0.22492	-69.04748	-1.04859	-0.00021	-0.01234	0.00019
125	0.01303	-47.15184	-0.41519	-0.00016	-0.00054	-0.00042	-0.0933	-58.51552	-0.36354	-0.0001	-0.00613	-0.00035	0.05059	-45.2669	0.21262	-0.00014	-0.00022	-7e-05	0.03858	12.30305	0.12963	5e-05	-0.00177	0.00013	-0.14421	-14.74875	-0.73556	-0.00017	-0.00572	-0.00029	-0.20311	72.80436	-0.81623	0.00065	0.01911	0.00062	-0.00237	-5.62766	0.21279	-0.00017	-0.0053	-2e-05	0.04859	-9.63968	-0.20228	-0.00013	0.00012	9e-05	-0.12084	-70.10349	0.04139	-0.00054	-0.02387	0.0
126	-0.05542	-87.91194	-0.77053	-0.00035	-0.01089	-0.00015	-0.12563	-6.76293	-0.83154	-3e-05	-0.00237	0.00023	-0.02068	-53.10774	-0.18817	-0.00016	-0.00615	0.00012	0.01662	29.7773	0.1512	0.00021	0.00631	-3e-05	0.00617	-8.97442	-0.00295	-1e-05	-0.00187	9e-05	-0.05112	31.59205	-0.4496	0.00019	0.00155	4e-05	0.06691	30.49501	0.35186	0.00041	0.00779	3e-05	0.05473	-13.12375	0.25866	-3e-05	0.0023	0.00027	0.0075	43.37548	-0.11747	0.00038	0.00996	-8e-05
127	-0.07982	26.30733	-0.70126	0.00032	0.017	-0.00011	-0.10427	30.71297	-0.626	0.00024	0.00263	-0.00025	-0.02379	-71.64776	-0.12548	-0.00012	-0.0021	0.00013	0.07429	36.7231	0.05394	0.0002	0.01405	5e-05	-0.05228	76.10193	-0.35989	0.00044	0.01267	-5e-05	-0.05027	103.3053	-0.26095	0.00054	0.01545	-0.00012	0.13816	-121.56671	0.49192	-0.00044	-0.01017	0.00021	-0.11458	-53.86303	-0.36572	-0.00059	-0.01478	0.00011	0.0073	-9.97001	0.25958	-0.00015	-0.00892	-2e-05
128	-0.09853	24.33704	0.22273	0.00065	0.00868	9e-05	-0.22402	-57.58191	-1.16319	-0.0001	-0.00142	0.0001	0.06013	-211.3269	-0.09712	-0.00119	-0.03081	-9e-05	0.06686	137.38844	1.27124	0.0003	0.00721	-0.00023	0.08489	-26.88883	0.58983	3e-05	0.00491	3e-05	-0.05198	-2.06487	-0.46784	0.00019	0.00151	-5e-05	-0.10675	-106.69276	-0.73069	0.00015	0.00625	-9e-05	-0.16197	33.18809	-0.77831	0.00029	0.00227	-1e-05	0.02691	64.71353	0.3451	0.00021	0.00901	-0.00016
129	-0.00553	16.78804	-0.17511	8e-05	0.00449	-3e-05	-0.1676	-35.58867	-1.3147	-0.00043	-0.00908	-4e-05	0.01487	30.87029	0.25116	0.00022	0.00691	2e-05	0.02121	-12.64891	-0.14045	6e-05	0.0026	-0.00012	-0.00544	-19.66549	-0.42241	-0.00025	-0.0035	0.0001	0.02263	21.0021	0.01785	0.00031	0.00908	-0.00018	-0.00632	98.36536	-0.02858	0.00064	0.0161	4e-05	-0.05124	11.94108	-0.9115	4e-05	0.00481	-5e-05	-0.06371	31.25481	-0.20243	0.0002	0.00625	0.00012
130	-0.05372	-42.3214	-0.72168	-0.00021	-0.00617	-0.00025	-0.02145	-27.84487	-0.4971	-0.00028	-0.00419	-0.00011	-0.0088	6.13704	0.05457	7e-05	0.00635	6e-05	-0.02996	-27.16132	0.42662	-0.00033	-0.01122	0.00013	-0.03802	34.89591	-0.46631	0.00018	0.00745	6e-05	-0.07743	-97.35567	-0.18063	-0.00059	-0.01888	2e-05	-0.0598	60.57452	-0.0585	0.0002	0.00125	0.00015	0.08689	14.46482	0.58464	2e-05	0.00291	-6e-05	-0.04982	-42.1094	-0.30247	-0.00014	-0.00644	0.00012
131	-0.0835	-107.59019	-0.8143	-0.00078	-0.02041	-8e-05	-0.08333	68.84316	-0.24863	0.00066	0.00739	0.00013	-0.04536	176.45687	-0.27756	0.00097	0.02772	0.00017	0.1388	53.51122	0.52088	0.0001	0.00881	0.00112	-0.00063	-136.75448	-0.34584	-0.0008	-0.03011	0.00031	0.03816	129.25248	-0.25645	0.00095	0.03299	0.00021	-0.06052	-223.28177	0.74279	-0.00141	-0.05064	-0.00016	0.06384	-5.71099	-0.02304	-1e-05	-0.00558	0.00062	-0.03009	238.58828	-0.19627	0.00129	0.03619	0.00063
132	-0.02645	-91.73541	-0.33079	-0.00046	-0.01005	1e-05	-0.15085	-0.73867	-1.20118	0.00023	0.00483	0.00015	0.04477	43.02799	0.12804	3e-05	0.00335	-0.00011	0.04893	-69.61603	0.20027	-0.00025	-0.00513	0.00011	-0.0322	17.51357	-0.50445	0.00018	0.00549	4e-05	0.0069	45.30822	-0.03362	0.00033	0.00511	-0.00015	-0.0523	-65.0333	-0.46291	-0.00021	-0.00111	9e-05	-0.03051	7.50483	-0.29645	0.00021	0.00091	4e-05	0.00534	4.13363	-0.25041	-0.00015	0.00227	0.0
133	-0.08634	-50.49498	-0.72094	-0.00032	-0.00572	-3e-05	-0.12528	-53.2531	-0.81599	-0.00029	-0.00972	-2e-05	0.01488	-25.61057	0.09076	-0.00015	-0.00557	-5e-05	0.01164	4.59287	0.33413	8e-05	-0.00114	-2e-05	0.01677	-58.6367	-0.1141	-0.00044	-0.00934	-3e-05	-0.04963	-53.80084	-0.60031	-0.00029	-0.00336	0.0	0.00992	23.6028	-0.37631	0.00029	0.00713	0.00013	0.11123	26.59233	0.60158	8e-05	0.00649	-5e-05	-0.08987	29.6116	-0.52274	0.00013	-0.00144	-0.00026
134	-0.0336	-65.36493	-0.38987	-0.00044	-0.00756	-0.0003	-0.06763	-46.67692	-0.92169	-0.00012	-0.00083	5e-05	0.06347	76.22654	0.60961	0.00044	0.01221	-7e-05	-0.00668	-87.26213	-0.51459	-0.00056	-0.00873	0.00016	-0.00266	-166.6964	-0.33553	-0.001	-0.01674	-0.00033	-0.03193	-24.37041	-0.32084	2e-05	-0.00394	6e-05	0.07503	-92.00593	0.49141	-0.00083	-0.01991	2e-05	-0.018	-20.98684	0.29292	-0.00036	-0.01352	-0.00036	0.03228	-24.63401	-0.08271	-6e-05	-0.00188	-0.00017
135	0.03026	-161.30888	0.35447	-0.00115	-0.02818	-0.00036	0.10648	-12.76713	0.3287	0.00022	0.00147	0.00015	0.05184	27.52334	-0.13037	5e-05	0.00453	0.00027	0.09154	-21.96523	0.65188	-4e-05	-0.00742	-0.00054	-0.00129	53.50861	0.24113	6e-05	0.00594	-0.00043	0.0318	78.00862	-0.02118	4e-05	0.00956	-0.0001	-0.0826	-159.78356	-0.41848	-0.00089	-0.02819	-0.00024	-0.00474	84.92862	-0.00587	0.00041	0.00418	-0.00053	0.04562	-203.70739	1.06927	-0.00118	-0.04378	-0.00022
136	-0.04718	15.41668	-0.35179	-3e-05	0.00023	0.00016	-0.14403	-0.09789	-1.33595	0.00027	0.00823	0.00027	0.01776	-62.86032	-0.09317	-0.00042	-0.00821	0.00017	0.04914	75.42969	0.3603	0.00022	0.00813	-6e-05	-0.01775	-63.16945	-0.25082	-0.00028	-0.00402	0.00013	-0.08836	-30.77757	-0.91891	4e-05	0.00283	0.00018	0.02814	-86.24473	0.34657	-0.00042	-0.01094	-0.00025	0.02285	-29.57268	0.52701	-0.00042	-0.0145	-6e-05	-0.031	-9.95262	0.00696	-0.00018	-0.00453	0.00015
137	-0.08427	-57.86961	0.00994	-0.00058	-0.018	-0.0002	-0.05374	67.73117	-0.29778	0.00023	0.00661	-0.00015	-0.05918	-106.85529	-0.53629	-0.00062	-0.01321	8e-05	0.1576	-49.95763	0.29124	-5e-05	-0.00295	-1e-05	-0.09545	-9.05362	-0.9676	-0.00025	-0.00247	-5e-05	-0.09707	53.08069	-0.66955	0.00059	0.01885	-6e-05	-0.03145	6.83429	-0.1243	0.0	0.00104	8e-05	0.04444	-36.33069	0.03369	-0.00031	-0.00591	-0.00012	0.03331	-51.16589	-0.12006	-0.00019	-0.00231	-0.00012
138	0.03474	28.60897	0.12207	0.00023	0.00767	-5e-05	-0.0663	2.78659	-0.46935	2e-05	0.00034	0.00013	-0.00437	41.28391	0.157	0.00028	0.00479	-0.0003	-0.10126	-38.79116	-0.67173	-0.00024	-0.01048	-0.00026	-0.08843	-32.79611	-0.5328	0.00024	0.00275	-0.00021	-0.0161	-33.72936	-0.11653	-0.00024	-0.00335	-5e-05	0.13472	-17.16879	0.55324	-4e-05	0.00067	0.00012	0.00107	56.57034	-0.215	0.00021	0.00644	0.00067	0.01247	-4.34411	-0.17009	9e-05	0.00543	-6e-05
139	0.01034	16.20608	0.0334	9e-05	5e-05	-0.00017	-0.1435	-24.62856	-1.15138	-3e-05	8e-05	0.00011	-0.0005	-48.60578	-0.17184	-9e-05	4e-05	1e-05	0.00535	4.88926	0.07487	0.00013	0.00066	-4e-05	-0.01616	-0.92015	-0.36326	1e-05	0.00232	0.00015	0.01333	-4.07121	-0.14056	-1e-05	0.00203	0.00019	0.01326	20.27056	0.22728	0.00015	0.00197	7e-05	0.04433	-11.60082	0.32177	-0.00014	-0.00312	0.00011	-0.04047	17.52314	0.12413	1e-05	-0.00467	-0.00013
140	-0.02858	-21.35952	-0.26615	-1e-05	0.00048	1e-05	-0.13561	-2.09953	-1.09333	3e-05	0.00037	0.0	0.00259	18.40755	-0.20115	0.00018	0.00934	-0.00014	0.03679	-19.05755	-0.0365	-3e-05	0.00218	-2e-05	0.02546	8.13942	-0.11814	1e-05	0.00318	-4e-05	-0.03312	-29.16703	-0.09635	-0.00013	-0.00411	0.0	0.01814	45.79524	0.1543	0.00025	0.00897	-3e-05	0.01804	-20.53225	-0.01883	-0.00015	-0.00431	0.00016	0.01025	26.36118	0.07724	2e-05	0.00373	-1e-05
141	-0.00034	15.78405	0.26663	7e-05	0.00132	-0.00011	-0.11597	7.29845	-0.65189	0.00012	0.00595	9e-05	-0.04252	-9.42526	-0.35192	3e-05	0.00185	-0.0	0.05842	31.9404	0.40009	0.00017	0.00321	8e-05	-0.06356	-23.35286	-0.47363	1e-05	0.00221	4e-05	-0.03039	-8.66722	-0.60161	-0.0	0.00178	-0.00012	-0.01257	18.25036	-0.33912	0.00035	0.00821	-6e-05	-0.00121	30.70559	-0.32399	0.00037	0.01052	6e-05	-0.06282	-62.36202	-0.53478	-0.00045	-0.0102	4e-05
142	0.11205	-79.73202	0.40755	-0.00031	-0.00513	-3e-05	0.08412	-28.54758	0.31987	-3e-05	-0.00026	-9e-05	0.1063	-93.38237	0.65197	-0.00044	-0.00584	-4e-05	0.12405	-26.38354	0.60395	-0.00011	0.00324	-2e-05	0.24188	-27.24455	1.94833	-0.00047	-0.00836	0.00045	0.02889	125.94597	0.64022	0.00032	0.01483	0.0	0.05529	15.7385	0.49527	-0.00037	-0.00949	0.00018	-0.02555	48.31728	-0.27077	0.00047	0.00597	-0.00022	-0.05076	-123.33612	-0.02131	-0.00083	-0.01709	2e-05
143	0.0255	-29.08656	-0.28592	0.00019	0.0034	9e-05	-0.05236	-12.11466	-0.73818	8e-05	0.00107	-8e-05	0.02986	-12.91241	0.23099	-0.0001	-0.00059	9e-05	-0.05371	-24.25266	-0.33116	-0.00019	-0.00527	1e-05	-0.03723	15.23058	-0.51403	0.00012	0.0063	0.0	-0.0899	-23.24713	-0.70636	-7e-05	-0.00134	-4e-05	-0.06676	56.11442	-0.79116	0.00038	0.00872	-6e-05	0.05065	10.49081	0.30782	0.00021	0.00471	0.00013	0.02807	-2.6327	0.25137	-0.00011	-0.0044	5e-05
144	0.04339	-80.43115	-0.19605	-0.00046	-0.00655	8e-05	-0.20297	16.45059	-1.44472	-2e-05	0.00051	0.00018	-0.092	-32.79798	-0.61156	-0.00026	-0.00373	0.00033	0.01598	65.62233	0.63862	0.00042	0.01373	0.00026	-0.0959	34.73954	-0.46892	0.00039	0.01123	-0.00012	-0.10997	63.85266	-0.29118	0.00034	0.00734	-0.00022	-0.03287	-52.18919	-0.26414	-0.00034	-0.00586	0.00027	0.14592	-36.42853	0.68563	-1e-05	-0.00389	7e-05	0.0438	51.32361	0.31607	0.00032	0.01074	-3e-05
145	-0.05286	-67.37363	-0.6586	-0.00035	-0.00708	-0.0001	-0.12548	-59.27253	-1.12932	-0.00017	-0.00231	-2e-05	0.0772	21.38172	0.37753	-1e-05	0.00152	-6e-05	-0.09475	-28.66493	-0.9753	-0.00011	-0.00028	-8e-05	-0.02605	13.03325	-0.54596	0.00014	0.00607	-9e-05	0.00725	22.49139	0.14795	-0.0	0.00033	0.00013	0.04424	11.04314	0.12388	6e-05	0.00271	-0.00015	-0.00831	-1.57165	0.01971	0.00011	0.00395	-0.0	-0.03324	-15.37921	-0.12026	-8e-05	-0.00165	2e-05
146	-0.04535	-23.83412	-0.41674	-0.00017	-0.00243	7e-05	-0.06814	-20.08486	-0.71093	8e-05	0.00264	-0.00025	0.03981	22.30185	0.07032	0.00011	0.00574	-1e-05	0.0198	-32.18433	0.16877	-0.00015	-0.00033	0.00016	-0.00347	-39.94902	-0.31024	-0.00025	-0.00393	-8e-05	-0.03947	-28.66198	-0.1767	-0.00027	-0.00921	7e-05	0.02429	13.13768	-0.13112	0.00013	0.00886	5e-05	0.07039	41.71711	0.27443	0.00025	0.01006	4e-05	-0.07295	-0.06302	-0.22233	8e-05	-0.0029	-0.00021
147	-0.02779	124.97927	-0.02347	0.00037	0.01281	-4e-05	-0.12159	36.33828	-0.29542	1e-05	-0.00313	0.00095	0.0114	72.61962	0.54799	0.00074	0.01376	0.00028	0.07243	-9.53364	0.66771	2e-05	0.00411	0.00015	0.04081	-42.03859	-0.03058	-0.00046	-0.00645	0.0004	-0.13564	17.92825	-1.02461	2e-05	-0.00036	9e-05	-0.15001	-54.43611	-0.22814	-0.00035	-0.00951	2e-05	0.16617	-132.41357	0.88605	-0.00084	-0.0255	6e-05	0.15717	-64.21779	0.01768	8e-05	0.00188	-3e-05
