	f1	f2	f3	f4	f5	f6	f7	f8	f9	f10	f11	f12	f13	f14	f15	f16	f17	f18	f19	f20	f21	f22	f23	f24
0	0.09869	71.23034	-2.54007	0.00068	0.04728	-0.00025	0.02122	-307.06804	-0.88273	-0.00247	-0.03155	-0.00136	-0.1669	-86.86704	2.54255	0.00033	-0.01294	0.00105	0.08529	-226.33252	-1.92435	-0.00115	-0.05535	-0.00162
1	0.04256	215.40816	1.48507	0.00231	0.05377	-0.00079	-0.11672	-128.9296	0.62674	-0.00111	-0.0115	0.00016	-0.19536	-258.9078	1.7339	-0.00284	-0.08171	0.00047	0.1494	-262.68011	-1.53141	-0.00164	-0.02499	-0.00064
2	0.06629	38.51307	0.6796	0.0003	0.01615	-0.00023	-0.15158	-197.19589	-0.86816	-0.00167	-0.01913	-0.00066	0.00548	-136.33587	-1.70229	-0.00184	-0.01281	0.00084	-0.16655	-321.86391	-0.95033	-0.00245	-0.03917	-0.00113
3	-0.02752	19.56632	-0.72656	0.00041	0.01957	-0.00043	-0.10747	-113.43249	-1.45415	-0.00046	-0.01944	-0.0007	-0.16414	386.80351	-0.39278	0.00209	0.04263	-0.00124	0.00321	462.25031	0.62131	0.00257	0.06352	-0.00077
4	-0.81539	269.30455	-2.17036	0.00241	0.03201	-0.00215	0.90986	-1471.03146	1.75417	-0.00957	-0.18155	-0.00224	-1.17209	-653.90287	-2.7765	-0.00426	-0.14817	-0.00297	0.99774	915.23688	3.775	0.00282	0.13508	0.00179
5	0.88329	44.92302	1.12313	0.00135	0.05621	-0.00059	-0.22966	-540.94593	-4.00063	-0.00491	-0.1105	0.00025	-0.65079	-156.86956	-1.17382	-0.00245	-0.11438	0.00051	-0.48597	174.50507	0.89125	0.00175	0.01323	7e-05
6	-0.21163	-144.09198	0.11773	-0.00078	-0.04052	0.00017	-0.00616	-203.73501	-1.46821	-0.00049	-0.01136	-0.00034	-0.05491	44.07039	-0.32117	-4e-05	-0.00672	-0.00035	-0.35375	17.48681	-1.25262	0.00052	-0.00889	0.0003
7	-0.06645	220.24918	1.57911	0.00134	0.01989	-0.00029	-0.15699	-686.95697	0.3078	-0.00422	-0.13662	-4e-05	0.20221	-195.02869	0.08083	-0.00029	-0.00303	-0.00035	0.15588	393.47294	0.25424	0.00169	0.05791	-0.00026
8	0.12373	500.01123	2.93955	0.00251	0.04698	0.00088	-0.39661	158.88511	1.32664	0.00056	0.00398	-0.00046	-0.21619	-95.4852	0.06464	-0.00058	-0.01052	-0.00062	-0.23127	2.77326	-1.7738	0.00029	0.00484	-0.00105
9	0.04035	-5.39908	1.72489	-0.0009	-0.02056	-0.00055	-0.73492	-252.10764	-3.90895	-0.00222	-0.05584	-0.00092	-0.01964	297.12156	-2.99308	0.00297	0.08079	-0.00049	-0.15097	183.68111	1.50149	0.00248	0.02583	-0.00038
10	-0.74785	-707.30388	0.0032	-0.00798	-0.21479	0.00335	-0.11222	270.16184	-0.5809	0.00454	0.07645	-0.00453	-0.86734	-1390.24459	-0.16061	-0.01049	-0.34207	-0.00747	1.59049	864.99517	0.44224	0.01009	0.32452	-0.0025
11	0.2701	-55.84721	2.18529	-0.00025	-0.00594	2e-05	-0.60003	-1.98432	-5.73703	0.00017	0.00722	-0.0002	-0.18945	-41.81649	-2.9913	-6e-05	0.00249	-6e-05	0.18783	-83.90798	1.34269	-0.0004	-0.0208	-0.00015
12	-0.16019	-508.68125	-4.29907	-0.0045	-0.05436	-0.00068	-0.05283	-388.04783	-0.29579	-0.00306	-0.05975	-0.00024	-0.15333	790.99045	-1.37067	0.00571	0.10389	-0.00107	0.21643	24.13333	2.24979	-0.00058	-0.00145	-0.00091
13	0.07813	119.11985	-0.1857	0.00135	0.05761	-0.00092	0.36203	177.1216	-1.19237	0.00169	0.07149	0.00053	0.21719	233.96382	0.30427	0.0015	0.05683	-0.00096	0.0611	87.7072	0.54277	0.00069	0.01975	-0.00041
14	-0.12917	-235.41021	-1.96021	-0.00077	-0.02293	-0.00033	-0.38751	-706.23062	-5.88062	-0.0023	-0.06878	-0.00098	-0.05472	-921.89188	5.31812	-0.0058	-0.20738	-0.00324	0.0	0.0	0.0	0.0	0.0	0.0
15	0.0166	-145.15511	-0.91501	-0.00123	-0.00924	-0.00029	-0.22495	-742.52951	-1.66333	-0.00532	-0.10244	-4e-05	0.21613	9.59622	2.89102	-0.00127	-0.0279	0.0002	-0.45413	398.12212	-5.45505	0.00495	0.07483	-0.00035
16	-0.29701	-117.41786	-0.24819	-0.00213	-0.06188	0.00388	0.03587	300.24846	0.81989	0.00185	0.05472	0.00021	-0.30679	-332.2925	-1.8704	-0.00151	-0.01762	-0.00211	-0.54961	-329.23273	-1.72123	-0.00306	-0.08552	-0.00204
17	0.51285	-35.44808	2.91087	0.00095	0.02049	0.00012	-0.15205	192.82947	-0.97861	0.00186	0.04959	-0.00076	-0.5041	-55.07748	-3.50195	-0.00016	-0.00819	-0.00072	-1.17598	65.28803	-4.68863	-0.00109	-0.03087	-0.00056
18	0.07066	-250.64594	-0.7125	-0.00284	-0.06089	-0.00256	0.03183	-955.88929	-0.50429	-0.00558	-0.13538	-0.00363	0.00438	1374.84531	2.35833	0.00563	0.18827	0.00539	-0.11524	-815.73158	-2.24	-0.00622	-0.11146	-0.00266
19	0.01315	721.03394	1.02367	0.004	0.10175	0.00304	-0.53381	96.5748	-0.08901	-7e-05	-0.01136	0.00109	-0.10202	-543.95481	0.12224	-0.00367	-0.09195	9e-05	0.04606	-646.57124	-0.39826	-0.00358	-0.09586	-0.00215
20	0.03802	-262.08544	-0.33755	-0.00157	-0.03608	-0.00016	-0.08637	-684.2695	-1.10151	-0.0022	-0.07213	-0.00519	-0.0888	267.16879	-0.72702	0.00228	0.05338	-0.00256	0.156	395.56874	1.67931	0.00024	0.01763	0.00153
21	-0.29284	732.66619	-0.6296	0.0059	0.1414	0.00015	0.10728	-231.69252	-0.11877	-0.00162	-0.03336	2e-05	-0.11272	-964.30025	0.96105	-0.00699	-0.17059	-0.00012	-0.35811	-920.29928	-3.20654	-0.00703	-0.16644	-0.00025
22	-1.06317	678.55357	-4.42182	0.00383	0.10631	0.00252	0.41526	52.13286	0.17597	-0.00012	0.04261	0.00243	0.03738	239.3946	3.1844	-0.00049	-0.03582	-0.00021	-0.58071	-411.47189	-3.04061	-0.00162	-0.06241	-0.00021
23	0.83732	305.51719	3.34022	0.00156	0.04702	-0.00081	0.52565	-1099.20526	1.7444	-0.0074	-0.18901	-0.00026	0.34477	-628.64724	-0.12605	-0.00334	-0.06361	-0.00077	-0.05066	459.7681	-0.64809	0.00446	0.12	0.00031
24	-0.38455	-294.63439	-5.988	-0.00034	0.00557	-0.00076	0.26388	224.41194	3.035	0.00023	-0.006	0.00048	-0.17868	-402.78028	-0.81667	-0.00215	-0.06571	-0.00014	0.01341	-273.11472	0.115	-0.00136	-0.04169	-0.00011
25	0.25217	-368.74083	2.07243	-0.00323	-0.08105	-0.00097	-0.30098	132.51875	-2.0419	0.00114	0.02584	-0.00157	-0.13629	57.49893	-1.3869	0.00039	0.01982	0.00019	0.04284	-654.28333	0.10093	-0.0042	-0.09839	-0.00096
26	-0.6666	-861.54	-1.3124	-0.00738	-0.19854	-0.00097	0.62937	792.22667	1.21693	0.00687	0.18403	0.0009	-0.707	-671.24	-1.0744	-0.00621	-0.16218	-0.00081	0.4836	255.36	0.5016	0.00314	0.07516	0.00041
27	-0.21104	-762.6349	0.1336	-0.00897	-0.1657	7e-05	-0.40623	106.12027	-5.7924	0.00046	0.09458	-0.00031	-0.87074	-414.1294	-4.5304	-0.00073	-0.10552	-0.00025	1.277	-424.7584	8.9176	-0.00163	-0.08511	0.00014
28	-0.50255	-948.69516	-0.99634	-0.00614	-0.19947	-0.00022	-0.77445	598.40765	-3.91352	0.00412	0.11596	-0.00088	0.16318	-394.78674	0.42353	-0.00268	-0.07562	0.00049	0.25147	-308.5266	2.2341	-0.00221	-0.05522	-0.00017
29	-0.00653	-199.07909	-2.01582	-0.00073	-0.00418	0.00088	0.06031	-220.65772	0.15979	-0.00108	-0.022	0.00352	0.02161	107.16537	0.5646	-0.00049	0.00261	0.00206	-0.18377	-156.94553	-2.83422	-0.00071	-0.00101	-0.0011
30	0.79895	-61.00989	2.00176	0.00057	0.04393	-0.00109	0.23961	-112.17339	1.23621	-0.00095	0.00227	0.00038	0.31253	44.03415	0.6018	5e-05	0.00868	0.00029	0.40523	298.08095	-0.01598	0.00259	0.0647	-0.001
31	0.03517	-132.72959	-0.27222	-0.00088	-0.01256	-0.00028	0.20093	-137.93576	2.07563	-0.00177	-0.04127	0.00182	-0.25285	379.93263	-0.32123	0.00216	0.04751	-0.00053	-0.10323	-18.98589	-0.89831	0.0	-0.00511	0.00018
32	-0.03649	-336.63364	-0.04768	-0.00228	-0.05853	-0.00349	-0.02547	175.361	-0.32189	0.00039	0.02375	-0.00196	-0.05814	-438.79667	0.27889	-0.00089	-0.06224	0.00031	-0.10535	9.11	-0.45139	-0.00117	-0.01254	0.00194
33	0.2227	-322.50019	1.16261	-0.0031	-0.08089	-0.00033	-0.11546	2.77482	0.94118	0.00068	-0.00467	-0.00059	-0.36168	147.66736	-1.12748	0.00124	0.02856	-0.00141	-0.07064	-489.9059	-1.93735	-0.0033	-0.04269	0.00153
34	0.99992	-166.73125	3.31772	-0.00033	0.00439	-0.00014	0.03162	-388.84	-2.13474	-0.00267	-0.06555	-0.00052	-1.07879	-367.33167	-3.54543	-0.00266	-0.09151	-6e-05	-1.20233	929.348	-3.25728	0.00513	0.11978	0.00027
35	0.06862	33.59994	-0.12389	0.00087	0.0051	-0.0006	-0.27025	93.9066	0.54032	0.00072	0.01119	-0.00109	-0.3747	-23.66378	-4.29028	-0.00031	-0.01616	0.00067	-0.09069	118.76662	-1.79644	0.00014	0.009	-0.00032
36	-0.20051	311.64126	-0.15802	0.00173	0.04049	0.00022	-0.05219	119.44062	-0.11339	0.00092	0.02609	-0.0001	-0.19184	-54.66347	-0.78511	-6e-05	-0.00161	-0.00033	0.03729	-226.016	0.94364	-0.0013	-0.03077	-0.00014
37	-0.38641	-612.73435	-3.17704	-0.00334	-0.07266	-0.00011	-0.04373	-205.29331	2.19682	-0.00253	-0.08256	2e-05	-0.72476	157.55969	-4.66668	-0.00068	-0.0274	-0.00011	-0.4011	-34.09388	1.11701	0.00336	0.07077	0.00014
38	-0.1454	-86.32692	-2.96311	0.00148	0.01968	-0.00052	0.0242	108.45167	0.49767	0.00106	0.02485	8e-05	-0.01267	239.68	0.13054	4e-05	0.01182	9e-05	-0.27949	-544.702	-4.61388	-0.00272	-0.05146	-0.00042
39	-0.01891	-524.32138	-0.46279	-0.00392	-0.07887	0.00011	-0.33045	-334.77737	-3.76928	-0.00379	-0.0631	-0.00012	-0.07289	145.34935	-1.60741	0.00033	0.04761	-0.00033	0.28761	282.67185	3.74353	0.00313	0.03653	-0.00022
40	0.2231	5.14632	1.85291	-0.00041	0.00986	-0.00087	-0.15662	-392.09167	-2.64686	-0.00193	-0.02372	-0.00094	0.07823	198.16765	-2.66901	0.00122	0.06595	0.00233	0.12109	-200.915	1.33191	-0.00218	-0.02936	-0.00201
41	0.06288	359.10126	0.53397	0.00188	0.05814	0.00019	-0.56534	619.22363	-2.29314	0.00308	0.11218	0.00236	-0.32323	20.27723	-1.62343	0.00055	0.00979	0.00195	0.19701	397.97222	0.82113	0.0014	0.03976	-0.00017
42	0.13151	121.13556	0.97112	0.00115	0.0299	-0.0027	-0.04415	13.08	-0.2266	0.00024	0.00487	-0.00283	-0.16383	-19.37	-1.69981	-0.00084	-0.01728	0.00202	-0.36543	-872.46833	-1.1971	-0.00446	-0.17471	-0.00172
43	0.11148	241.47262	1.19338	0.00089	0.03632	-0.0008	-0.06753	-718.04896	1.49219	-0.00567	-0.15675	-0.00112	0.07791	-651.84278	0.15599	-0.00397	-0.10551	-0.0005	-0.40586	-573.0128	-1.39359	-0.0051	-0.15101	-0.00122
44	-0.0094	126.75866	-0.52836	0.00062	0.02412	-0.0007	0.26043	209.17988	1.23577	0.00107	0.03681	-0.00072	-0.19393	51.14402	-0.80193	-4e-05	0.0035	-0.00042	0.07356	-102.9256	-0.01518	-0.00092	-0.01968	0.00136
45	-0.47807	-138.6964	-2.43138	-0.00098	-0.05069	-0.0002	0.6167	-51.9524	4.60465	-0.0003	-0.00383	0.00021	-0.2903	76.53446	-4.58503	0.00078	0.02581	-0.00037	0.18427	171.64527	3.6714	0.00069	-0.00026	0.00043
46	-0.0983	-113.31371	-1.55272	-0.00141	-0.02022	-0.00397	-0.00698	-231.05713	-0.01993	-0.00069	-0.03334	-0.00194	0.00661	89.87068	-0.52565	-0.00024	0.01851	-0.00282	-0.21147	173.33381	-0.21102	0.00144	0.00712	0.00525
47	-0.19273	-126.26523	0.71108	-0.00087	-0.04977	-0.00037	-0.36519	-315.876	-4.42563	-0.00198	-0.04317	-0.00022	0.11775	-650.73194	-2.46549	-0.00294	-0.04493	1e-05	0.28491	-278.32375	1.89187	-0.0024	-0.07189	-6e-05
48	-0.1454	-86.32692	-2.96311	0.00148	0.01968	-0.00052	-0.00168	103.57833	0.45684	0.00148	0.02922	-5e-05	0.00451	233.56	0.17963	0.0008	0.01565	0.00033	-0.25204	-530.983	-4.58788	-0.00397	-0.06152	-0.00029
49	-0.26032	-323.25782	-2.37081	-0.00178	-0.04825	-0.00041	-0.0122	-278.95325	-0.69313	-0.00095	-0.01626	0.00022	-0.26237	518.56826	-2.93898	0.0025	0.07134	-0.00016	0.09596	-247.3398	0.29613	-0.00077	-0.02143	0.00048
50	-0.18363	-805.24583	0.33	-0.00558	-0.15883	-0.00364	0.0539	301.4775	-1.16	0.00454	0.08379	-0.00953	-0.9867	-856.1025	-2.2	-0.00636	-0.21573	0.00966	0.0	0.0	0.0	0.0	0.0	0.0
51	-0.32556	-900.24239	-2.58222	-0.00899	-0.11149	-9e-05	0.08252	30.05986	1.74778	0.00416	-0.02567	-3e-05	-0.686	471.69972	-4.81444	-0.001	0.06179	0.00012	0.59626	-395.54556	0.16611	-0.0006	-0.0247	-0.00029
52	0.06395	11.07561	0.36416	-1e-05	0.01583	0.00112	0.16873	-207.94238	0.78557	-0.00134	-0.03537	-0.00122	-0.15339	372.41416	0.34244	0.0019	0.03457	-0.00101	0.11019	-287.58462	-0.99115	-0.00016	-0.01709	0.00018
53	-0.3251	-238.34733	-0.29505	-0.0007	-0.04899	-0.00055	-0.08734	-420.69489	1.08512	-0.00272	-0.07855	0.00055	-0.0338	622.11764	-1.14634	0.00371	0.0855	-0.00057	0.17688	123.3686	1.94546	0.00205	0.0332	4e-05
54	0.12191	149.45141	0.84634	0.00134	0.03241	0.00017	-0.30878	-487.57339	-3.27771	-0.00286	-0.056	-0.00057	-0.32396	-536.44509	-3.68887	-0.00378	-0.07522	-0.00061	0.01867	205.76234	1.30437	-0.00141	-0.03628	8e-05
55	-0.23407	-720.46806	-5.11289	-0.00531	-0.08201	-0.00048	-0.71662	-681.42014	-3.45139	-0.00496	-0.11855	-0.0	0.45846	871.07639	6.22222	0.00339	0.07818	0.00036	0.13543	-932.05556	-3.62556	-0.0039	-0.02571	-0.00038
56	-0.98468	-1142.88806	-0.07206	-0.00706	-0.26747	-0.00468	0.88571	-19.18806	2.31736	0.00035	0.02596	-0.00107	-0.8614	1215.65306	-4.04361	0.00679	0.21792	0.0061	-0.01773	-2042.93972	-1.27056	-0.01158	-0.32589	-0.00821
57	-0.04974	-141.70395	-0.19	-0.00102	-0.01361	-0.00032	-0.2662	-328.59118	-3.512	-0.00267	-0.04259	-0.00117	-0.04144	-203.43061	0.24	0.00043	-0.01468	0.00035	0.13668	280.13224	2.08	0.0003	0.00492	-0.00235
58	0.15715	-221.39538	0.01118	-0.00054	0.00044	0.00014	-0.37476	143.4225	-2.20614	-0.00019	0.02107	-0.00045	-0.13472	-261.12091	-0.61738	-0.00113	-0.05134	-0.00028	-0.66798	257.918	-3.22931	0.00105	0.02683	-0.00079
59	0.03309	-53.20367	0.68604	-0.00044	-0.00449	-0.00027	-0.14471	-240.06152	-1.03909	-0.00183	-0.02143	-0.00068	0.02491	-73.70001	-1.62244	-0.00119	-0.00348	0.00083	-0.15977	-301.21918	-0.95328	-0.00213	-0.03305	-0.00085
60	-0.13219	-257.07528	-1.01621	-0.00119	-0.04756	0.00104	-0.17252	-120.23375	-2.48997	-0.00125	-0.04907	-0.00052	-0.47085	185.18321	0.52347	-0.00015	-0.00832	-0.00203	0.1543	-288.3325	1.2689	-0.00051	-0.00974	-0.00142
61	-0.14493	-216.22806	-0.90047	-0.00044	-0.01958	2e-05	0.09478	129.00924	0.90246	0.00031	0.00415	-0.00101	0.1296	-145.85114	2.96319	-0.00032	-0.01071	5e-05	-0.18127	185.78359	-1.07735	0.00048	0.01897	-0.00111
62	-0.33537	80.25068	-1.08624	0.00048	0.00223	0.00103	-0.18782	-30.45695	-2.76982	-0.00027	0.0181	-0.0016	0.28945	156.31695	1.35514	0.00055	0.0258	0.00044	0.13655	-16.64021	2.4031	-0.00183	-0.04674	0.00071
63	-0.36046	-1034.46249	-0.37889	-0.00732	-0.21542	-0.00065	-0.42016	470.6724	-1.95375	0.00413	0.11279	-0.00178	0.12071	-173.86846	0.86143	-0.00182	-0.05197	0.00062	-0.02232	-913.58627	-2.125	-0.00527	-0.10866	0.00033
64	-0.43783	44.89317	-2.76977	0.00047	-0.01363	-0.00133	-0.37523	186.51036	-0.38126	2e-05	-0.00067	0.00191	0.45003	215.65096	2.55564	0.00128	0.0337	-0.00126	0.02898	-392.70208	-0.74611	-0.00093	-0.0143	0.00113
65	-0.01365	-1156.7326	-1.1424	-0.00788	-0.16766	-0.00064	-0.10503	-259.49027	-0.56373	-0.0002	-0.00985	-0.00379	0.0175	331.4844	0.4416	0.00157	0.03609	0.00075	0.0301	-328.0216	-0.0384	-0.00394	-0.07744	0.00124
66	-0.04252	-132.56313	-0.16912	-0.00179	-0.02504	0.00291	-0.057	-814.26808	-0.77388	-0.00487	-0.11819	-0.00388	0.03735	-402.79837	-0.73066	0.00076	-0.01461	-0.00262	-0.10369	578.23401	0.4266	0.00194	0.0443	-0.00702
67	-0.28993	576.99585	-1.77962	0.00275	0.07934	-0.00201	0.10028	762.73122	-0.43852	0.00328	0.13151	0.00074	0.1647	186.15632	0.38932	0.00097	0.04048	-0.0006	0.04159	-42.42553	-0.17844	0.00016	0.01371	-0.0002
68	-0.11098	184.5667	0.37658	0.00299	0.02817	-0.00037	-0.03492	273.01771	-0.34526	-0.00093	0.00321	-0.00094	-0.43362	-551.11738	-3.02609	-0.00441	-0.05294	-0.00063	-0.55501	-351.59562	-3.05516	-0.00145	-0.04828	-0.00037
69	-0.1834	-952.92572	-2.7195	-0.00667	-0.16439	-0.00024	0.02711	-2.00472	-1.84875	0.00101	0.03261	-0.0001	-0.09831	969.65306	2.00417	0.0049	0.10636	0.00029	0.05404	-1464.78139	-0.36	-0.00937	-0.2322	-0.00024
70	0.50429	-1196.32999	1.66388	-0.00694	-0.16916	-0.00035	-0.05268	450.38102	0.31685	0.00028	0.02902	0.00156	-0.18128	-277.47696	-0.82776	-0.00268	-0.06293	-0.00138	0.02911	139.79073	-0.77923	0.00174	0.05711	-0.00244
71	-0.1156	-1.83667	1.04287	-8e-05	0.00226	-0.00136	-0.04715	40.55818	-0.32171	-0.00049	0.00113	0.00237	0.07034	187.472	-2.19613	0.00227	0.05119	0.00024	-0.47524	-181.49778	-1.37957	-0.002	-0.07142	-0.00101
72	0.12727	14.93742	1.3196	-0.00014	0.00875	-0.00072	-0.24017	-260.72792	-1.38625	-0.00149	-0.02005	-0.00057	0.0584	5.5041	-1.59565	-0.00057	0.00603	0.0017	-0.27257	-388.06812	-1.46955	-0.00299	-0.05329	-0.00095
73	-0.34895	-275.95188	-2.16981	-0.00142	-0.05309	-5e-05	-0.16213	-148.624	-1.87265	-0.00072	-0.02362	1e-05	0.25747	-106.31286	2.12074	-0.00055	-0.02215	-0.00014	-0.4868	162.70462	-3.53991	0.00076	0.01968	-0.00029
74	-0.13975	164.24862	0.41631	0.0005	0.02102	-0.00114	-0.15626	-104.2199	-0.46941	-0.00185	-0.03843	0.00301	0.30578	427.55835	-1.53449	0.0032	0.113	0.00388	-0.33522	110.40139	-1.71931	0.00045	0.00662	-0.0027
75	0.05224	80.49139	1.00891	0.00013	0.00449	-0.0043	-0.22591	-117.74751	-2.25518	0.00057	0.00826	-0.00583	-0.1201	-181.80015	-2.55668	-0.00029	-0.01042	0.00563	0.14579	-369.64027	0.07034	-0.00165	-0.05685	0.00218
76	-0.16465	-371.99723	-1.13571	-0.00347	-0.0895	-0.00232	0.05553	-965.69979	0.64833	-0.00404	-0.13323	-0.00213	-0.01399	358.72962	-0.642	0.00101	0.04529	0.00028	-0.08641	809.04187	-0.8375	0.00457	0.13381	0.00275
77	-0.67277	-462.06324	-1.11484	-0.00224	-0.11693	0.00071	-0.06694	-319.12818	-0.59359	-0.00291	-0.08145	-0.00317	0.43828	685.36616	1.49041	0.00383	0.1728	-0.00291	-1.04586	-958.40766	-0.75891	-0.00784	-0.25782	-0.00059
78	0.11077	37.66741	-0.08036	0.00026	0.02109	-0.00414	-1.22551	-1309.76562	-3.1225	-0.0098	-0.34468	0.00116	-0.62502	-263.67188	-0.2715	-0.00331	-0.09747	-0.00279	1.61712	1485.54688	3.4425	0.01225	0.40129	0.00599
79	0.11287	-692.82347	1.37181	-0.00466	-0.10626	-0.0007	-0.2025	254.64629	-2.94799	0.00156	0.06402	0.00159	-0.07368	-149.30503	-0.821	-0.00113	-0.03165	-0.00077	-0.19858	289.64953	-1.64147	0.00161	0.03855	-0.00053
80	-0.05077	167.79107	-1.06574	0.00083	0.01949	-0.00062	-0.01878	-307.59667	0.54578	-0.00169	-0.05713	-0.00116	0.2619	-505.3645	1.55916	-0.00203	-0.04442	-0.0005	-0.25756	-39.0625	-1.78891	-0.00029	-0.00924	-0.00049
81	-0.16045	-531.01622	-1.38806	-0.0042	-0.1113	0.00362	-0.01622	104.77444	0.44569	0.00129	0.01511	-0.00584	-0.20614	-1730.42111	-0.56694	-0.00946	-0.29913	-0.00878	-1.87747	356.41278	-2.89222	-0.0028	-0.0538	-0.00137
82	-0.08602	-508.84061	-0.29245	-0.00306	-0.08726	-0.0003	-0.05582	257.75224	-0.40845	0.00143	0.04552	-0.00031	0.0888	-632.42454	0.08684	-0.00408	-0.09559	-0.00077	-0.1414	-67.32585	-0.80673	-0.00055	-0.00283	-0.00136
83	-0.11002	-213.23194	1.46754	-0.00173	-0.04679	0.00081	-0.32593	-723.65062	0.8536	-0.00595	-0.18108	0.0006	-0.17106	449.13821	-1.79204	0.00416	0.11754	-0.00019	0.00199	351.04667	-2.4024	0.00249	0.09363	-0.00043
84	-0.01845	267.70937	-0.40091	0.00252	0.05278	-0.00015	-0.65584	56.60194	-4.532	0.00042	0.02563	0.00078	0.17682	-72.61898	1.39444	-0.00131	-0.02184	-0.00114	0.30328	-146.56785	2.89625	-0.0022	-0.05649	-0.00075
85	0.16507	-472.70767	2.50467	-0.00195	-0.03999	-0.00039	0.2422	168.16713	3.29428	-0.00013	0.00016	0.00142	-0.14817	-74.36168	-0.80281	-0.00046	-0.00705	0.00316	-0.07684	-77.74297	-1.20823	0.00022	-0.01823	-0.00273
86	-0.15005	-18.93539	-0.62246	-0.0007	-0.00645	2e-05	0.11675	-230.65162	-0.07729	-0.00115	-0.01704	-9e-05	0.23524	-47.59782	2.25773	-6e-05	0.00619	-0.0	-0.12059	17.20575	-1.69269	-0.00017	-0.00465	-6e-05
87	-0.01765	195.51347	-1.85021	0.00185	0.03618	-0.00307	0.08406	-277.73835	1.4775	-8e-05	-0.04412	-0.00498	0.01599	241.6654	0.25533	0.00101	0.05157	0.00554	-0.23702	44.11633	-3.20227	5e-05	0.02625	-0.00074
88	0.22246	-9.89714	-0.10885	-0.00131	-0.00626	0.00301	0.35353	401.21382	1.11647	0.00222	0.08497	0.00037	-0.22591	-103.14305	-0.39575	-0.00011	0.02081	-0.00118	-0.47479	-60.9625	-1.34765	-0.00155	-0.04436	-0.00108
89	-0.21894	87.98562	-3.12937	0.00176	0.04439	0.0009	0.04618	-146.10563	1.74937	-0.00398	-0.08722	-0.00669	0.00073	-1416.55938	-0.53437	-0.00675	-0.20078	-0.00755	0.0	0.0	0.0	0.0	0.0	0.0
90	-0.37179	-98.36238	-0.20557	-0.00209	-0.08462	-0.00012	0.29639	-835.2321	-1.23972	-0.00696	-0.13232	-0.00088	0.28348	401.10623	0.07568	0.00515	0.12552	-0.00117	-0.80079	-340.04521	-0.15521	0.00135	-0.03867	-0.0051
91	-0.27692	-64.66148	0.10783	0.00102	0.0135	-0.00127	0.06635	-198.5596	1.29732	-0.00163	-0.05735	-0.00195	0.04753	-129.52729	0.13257	-0.00369	-0.07113	0.00062	-0.48871	-279.65074	-2.87324	-0.00248	-0.02655	0.00254
92	-0.09352	178.75462	-3.24444	0.00143	0.0482	-0.0001	0.03164	-386.61001	0.90356	-0.00261	-0.07323	7e-05	-0.20042	-141.99334	-1.97388	-0.00092	-0.01788	-0.00016	0.02347	57.45786	1.77569	-8e-05	-0.00654	-0.0001
93	-0.27292	36.1365	-0.42375	0.00012	-0.0135	0.00211	-0.08163	-48.19339	-1.56605	3e-05	0.00938	-0.00095	0.1353	-252.6899	1.2299	-0.00104	-0.01965	-0.00079	-0.31843	-496.1033	0.45229	-0.00413	-0.12609	-0.00176
94	0.30404	-152.56823	2.90263	-0.00142	-0.02806	-0.00031	-0.04765	-123.28193	-0.79346	-0.00114	-0.02439	-0.00094	-0.1357	-136.79889	-2.0149	0.00023	-0.00043	-0.00143	-0.28638	99.3409	-1.07259	3e-05	-0.01499	-0.00047
95	-0.22931	-161.37049	-3.46288	-0.00073	-0.02487	-0.00023	0.16896	-11.8051	2.81527	-0.00049	-0.02226	0.00022	-0.24658	-102.81874	-4.0661	-0.00012	0.00349	-0.00028	0.09887	-355.20027	0.11573	-0.00163	-0.04744	-8e-05
96	-0.02467	-107.85198	-0.47643	-0.00106	-0.02519	-0.00071	-0.44419	99.45491	-2.48439	-0.00019	0.00085	6e-05	0.03218	-79.1059	-0.95354	7e-05	0.00279	0.00016	0.09873	89.50478	-0.2488	0.00064	0.02105	-0.00024
97	0.2707	-359.22879	0.93391	-0.00238	-0.03094	-0.00026	0.82662	-209.96358	0.17508	-0.00065	0.00834	0.00039	0.39464	421.51143	2.37802	0.00135	0.06413	-0.00058	0.38834	-309.1685	-0.59241	-0.00115	-0.00333	0.00026
98	0.47389	3.5953	0.14079	0.00097	0.04544	-0.00085	-0.01317	301.80004	0.71248	0.0013	0.06149	0.00078	0.09439	115.85955	0.16801	0.00023	0.01032	0.00026	0.32901	241.64354	-1.93123	0.00237	0.08304	-0.00132
99	-0.04527	-109.13579	0.17271	-0.00064	-0.02542	-0.00034	-0.70198	-881.685	-0.73503	-0.00595	-0.20754	-0.00064	0.08985	-10.25765	0.56444	-0.00013	-6e-05	-0.00056	0.46038	878.60375	0.55681	0.00592	0.19745	-0.00039
100	-0.28243	-94.15414	-3.98681	-0.00068	0.00568	-6e-05	-0.05311	-515.94263	-1.16841	-0.0041	-0.06536	-0.00021	-0.07912	-288.99821	-2.59778	-0.00105	-0.03591	-6e-05	-0.3507	59.57398	-1.70622	-0.00087	-0.00026	7e-05
101	-0.33687	-147.75652	-3.14677	-0.00056	-0.02834	-0.00318	0.29937	118.08	3.14937	-0.00039	0.01701	-0.00327	-0.32378	-139.88571	-3.15485	-0.00047	-0.02618	-0.00381	0.36188	169.92	3.15187	0.00142	0.0376	0.01023
102	-0.39612	-424.79271	-4.21084	-0.00141	-0.0335	0.0004	0.29502	389.0919	1.6571	0.0012	0.03125	-0.0011	-0.3888	-325.88389	-2.77097	-0.00212	-0.01309	-0.00104	0.01068	-615.4446	1.6796	-0.0045	-0.13817	-0.0005
103	0.2849	145.51016	0.68242	0.00139	0.04924	5e-05	-0.46001	-259.5735	-3.10049	-0.00083	-0.01985	-0.00017	0.35906	38.19083	0.18623	0.00025	0.01783	-0.00057	0.12634	34.3099	1.53084	-0.00024	-0.00316	0.00045
104	-0.12947	62.3996	-0.88826	0.00155	0.03279	-0.00411	0.02077	244.03375	-0.83299	-7e-05	-0.00128	0.00216	-0.12484	-348.69015	-0.15437	-0.00132	-0.04784	-0.00166	-0.08595	-211.86166	-1.19393	-0.00239	-0.05138	-0.00496
105	0.39117	-324.34582	0.66283	-0.00173	-0.02002	0.00062	0.06904	258.58838	-0.55237	0.00225	0.02989	-0.00101	-0.24837	-478.85332	-2.4636	-0.00354	-0.11575	-0.00204	-0.03357	26.93072	0.34949	0.00074	0.00456	-0.00156
106	0.39667	-1712.29507	-0.22484	-0.00856	-0.22194	-0.0017	-0.07394	1489.5506	0.94785	0.00848	0.2109	-0.00044	0.11926	-1431.5764	-1.47954	-0.007	-0.17786	-0.0022	-0.797	1485.10727	-0.80973	0.00704	0.1815	0.00216
107	0.41864	51.49164	1.54068	-0.00089	-0.02433	-0.00027	-0.3022	203.11594	-2.8105	0.00207	0.0575	-0.00018	-0.38541	-437.09972	-2.53083	-0.00317	-0.06271	-0.00024	0.37459	-284.80181	1.17812	-0.00147	-0.03077	-0.00024
108	-0.23417	-96.2823	0.14545	-0.00183	-0.05344	0.003	-0.2022	37.52578	-1.106	0.0012	0.03485	-0.00116	-0.09389	-413.47435	-0.59444	-0.00181	-0.04491	-0.00445	0.27406	-587.54847	-0.0375	-0.00278	-0.06819	-0.00473
109	0.17381	75.10135	1.98987	0.00017	0.01701	0.00016	-0.0256	-190.91628	-1.76435	-0.00053	-0.02106	-0.00024	-0.38988	179.80748	-2.63879	0.00087	0.01997	-0.00028	-0.70335	-51.97314	-4.93302	-0.00082	-0.03835	-0.00013
110	-0.33059	-642.36773	-1.62712	-0.0043	-0.12827	0.00067	-0.33762	641.37435	-0.06665	0.00262	0.07752	-0.00145	0.42695	-585.74469	1.6651	-0.0028	-0.04943	0.0002	-0.86521	581.08927	-2.40457	0.00447	0.07872	-0.00073
111	-0.03726	90.15271	-1.0666	0.00043	0.03094	0.00066	-0.26915	-112.65357	-1.45512	-0.00062	-0.02047	0.00015	-0.01271	68.01844	0.31606	-0.0004	-0.00051	-7e-05	0.15575	69.24408	1.59709	0.00034	0.01687	0.00013
112	0.12113	94.8817	-0.10503	-0.00097	0.00211	0.00366	0.34718	478.02515	0.33471	0.00307	0.10782	-7e-05	-0.4947	-359.12388	-1.50343	-0.00168	-0.02704	-0.00221	-0.48486	-277.58206	-0.72269	-0.00221	-0.07183	-0.00209
113	-0.19901	21.54974	-2.03744	2e-05	0.00116	-0.0	-0.08079	-45.30016	-0.7948	-0.00095	-0.03277	-0.00016	-0.23469	-22.76672	-2.63	-2e-05	-0.0019	-0.00019	0.4848	-54.51326	4.77528	0.00028	0.02505	0.00024
114	-0.06635	13.03202	-3.22108	-0.00021	-0.00198	-0.00347	-0.68955	19.96335	-0.28771	-0.00015	-0.02815	-0.00223	0.21407	-235.93654	-0.10247	-0.00186	-0.02072	0.0047	0.30726	-44.40662	2.86509	-0.0001	-0.00109	-5e-05
115	-1.0431	-430.94259	-0.88143	-0.00443	-0.16938	-0.00364	0.86668	-411.60229	0.775	-0.00124	0.02375	-0.00075	-0.59004	-372.39787	-1.388	-0.00192	-0.11372	-0.00096	-0.1535	449.46188	1.8825	-0.00089	0.03306	0.00542
116	0.38031	17.7425	1.51556	0.0004	0.00439	-0.00165	-0.04367	-288.90313	-1.485	-8e-05	-0.03822	-0.00281	0.0739	-11.1075	0.02857	-0.00058	0.01763	0.00235	-0.01522	-217.30917	0.84	-0.00103	-0.02125	-0.00282
117	0.06549	-557.48163	0.09179	-0.00432	-0.12337	-0.00352	0.17668	-1205.3638	0.60167	-0.00679	-0.16111	-0.00341	-0.03412	519.95641	-0.4905	0.00278	0.09997	0.00732	-0.1885	-1978.96266	-1.2925	-0.01287	-0.30717	-0.00442
118	0.12521	-332.50541	0.09314	-0.00222	-0.038	-0.00076	0.19167	315.14825	0.04975	0.00194	0.05124	0.00066	0.22302	-90.53614	1.0128	-0.00141	-0.02735	0.00039	0.11693	-362.07062	-0.49803	-0.00291	-0.05423	-0.00045
119	-0.32801	212.73248	-0.81056	0.00068	0.01264	0.00131	0.27839	-82.39321	3.91063	-0.00049	-0.01142	0.00131	0.04344	-246.64358	0.48556	-0.00093	-0.05481	-7e-05	-0.19972	-387.44899	-3.55422	-0.00048	-0.00729	-0.00068
120	-0.07942	-231.01528	-0.75886	-0.00193	-0.0303	0.00011	-0.10965	-292.80062	-0.1385	-0.00079	-0.03016	-0.00842	0.06774	-461.86076	-0.63583	-0.00175	-0.04422	-0.0	-0.00908	600.94094	0.02687	0.00246	0.05806	0.00846
121	-0.42606	-682.57459	-1.35833	-0.00609	-0.16501	0.00437	0.03479	265.77698	0.316	0.00281	0.0527	-0.0054	-0.13239	-1245.45638	-0.345	-0.00706	-0.21474	-0.00959	-1.12836	690.10088	-1.98	0.00229	0.06401	-0.0042
122	-0.14578	279.83607	-0.63193	0.00338	0.08941	-0.00039	0.6197	185.43247	-1.70763	0.00197	0.09012	-6e-05	-0.11284	-307.60441	-0.35907	-0.00293	-0.0791	-0.00269	0.12586	-202.77832	2.85947	-0.00212	-0.03884	-0.00107
123	0.02932	-55.65444	0.46329	5e-05	-0.00393	-0.00465	0.23816	-11.98625	2.42265	-0.00016	0.00249	-0.00105	-0.15523	-18.64571	-2.20389	-0.00011	0.00053	0.00138	0.07984	-89.56667	-1.0076	3e-05	0.00089	-0.00121
124	0.3528	451.75869	3.00505	0.00245	0.04501	-0.00149	-0.22832	-322.91356	0.02478	-0.00165	-0.09215	-0.00154	-0.24345	-23.5337	-2.23852	-0.00067	-0.00694	0.00225	-0.41397	259.69111	-2.51181	0.00081	0.03842	-0.00095
125	-0.17929	88.85663	-0.75952	0.00102	0.01179	-0.00031	-0.91876	257.27006	-3.56386	0.00059	-0.00259	-0.00116	0.48711	-154.70799	1.77504	-4e-05	0.00137	0.00017	0.69421	4.82979	3.00024	0.0011	0.03235	-0.00036
126	0.00182	136.18746	0.36925	0.00098	0.03652	-0.00089	-0.01714	-195.60324	-1.58815	-0.00087	-0.02868	-0.00154	-0.15046	-94.2597	-4.08933	-0.00096	-0.04292	7e-05	-0.08234	-313.1175	-1.43377	-0.00185	-0.05544	-0.00229
127	-0.81515	265.64746	-0.39707	-0.00081	-0.01265	0.00352	0.23957	442.53705	0.67906	0.0032	0.07883	0.00149	-0.50231	-325.95822	-0.53782	-0.00265	-0.08582	-5e-05	0.1575	-141.83958	0.70228	-0.00056	-0.01921	-9e-05
128	-0.0765	92.47412	0.092	0.001	0.00258	4e-05	-0.38113	-385.20291	-1.01331	-0.00113	-0.06319	-0.00098	-0.02916	-56.07455	0.56825	-0.00039	-0.00961	0.00061	-0.0747	10.67997	-0.51278	-0.0005	-0.01665	-5e-05
129	-0.11756	-183.22859	-1.65481	-0.0011	-0.04499	-0.00012	-0.52695	717.1258	-0.71042	0.00427	0.1238	-0.00044	-0.57991	-270.85161	-1.63477	-0.00221	-0.07183	-0.00047	0.5525	371.20249	1.5485	0.0027	0.08749	-0.00051
130	0.27296	101.23421	-0.2558	0.00098	0.03685	-0.00026	-0.63734	-91.14232	-2.03951	-0.00019	-0.03167	-0.00021	-0.661	-300.31154	-2.74728	-0.00234	-0.0815	-0.00018	-1.10712	-74.61268	-2.55122	-0.00062	-0.02748	7e-05
131	0.03223	178.26571	0.6617	0.00207	0.05149	-0.00022	-1.37913	125.9	-7.63312	0.00016	-0.00142	2e-05	0.08154	-541.822	-2.78388	-0.00484	-0.10681	-0.00028	1.06352	-866.66	7.20438	-0.00638	-0.14172	0.0
132	-0.32533	-1048.16316	-0.83929	-0.008	-0.19136	-0.00061	-0.01673	732.63765	-0.8474	0.0045	0.13063	0.00132	0.67263	-333.32703	1.1996	-0.00059	0.00427	-0.00281	-0.76017	-370.49727	-1.4234	-0.00428	-0.1549	-0.00277
133	-0.67779	-99.03654	-5.12198	0.00022	0.00359	-0.00062	0.63614	-245.18326	5.44684	0.00052	-0.03586	0.00026	-0.6703	292.43778	-3.37528	0.00284	0.0772	-0.00091	0.25656	120.15468	3.42325	0.00155	0.00097	-0.00023
134	-0.36652	-378.79333	-4.2489	-0.00321	-0.06529	-0.0013	-0.02425	-138.35	3.5856	-0.00163	-0.05956	0.00018	-0.63699	167.66429	-8.33947	0.00401	0.10201	-0.0013	0.54238	-429.745	2.69077	-0.00247	-0.06061	-0.00033
135	-0.64002	-471.79546	-0.26279	-0.00514	-0.15408	0.0006	0.39507	-133.11827	-0.49903	0.00183	0.03626	-0.00156	-0.50887	-447.1059	0.38196	-0.0049	-0.12791	0.00116	0.14585	273.38793	-0.58857	0.00283	0.05538	-0.00107
136	0.22372	-225.01635	0.67886	-0.0005	-0.01197	-0.00167	-0.11188	-828.09125	-0.09384	-0.00455	-0.14814	-0.00602	-0.1588	337.13932	-1.05989	0.00215	0.05339	0.00419	-0.37334	258.1335	-1.76772	0.00105	0.03521	0.00258
137	0.32759	-29.95338	0.27345	-0.00057	0.00928	0.00213	0.25379	146.65743	0.24775	0.0014	0.06096	0.00038	-0.11026	93.78693	-0.52046	0.00075	0.0426	-0.00109	-0.21885	-207.49673	-0.58926	-0.00156	-0.05161	-0.00048
138	-0.15993	-180.48723	-0.32488	-0.00031	-0.04434	-0.00473	0.01479	-287.75877	0.78615	-0.00112	-0.03637	-0.00182	0.06478	6.21839	-0.33296	-0.00019	0.01212	0.00166	-0.04017	-81.18323	-0.1356	-0.00148	-0.03183	0.00238
139	0.2566	76.72611	3.00628	0.00129	0.02099	0.00022	-0.20532	-55.62221	-1.65715	-0.00045	-0.00189	0.0001	-0.61751	210.91202	-5.75246	0.00078	0.03112	-0.00035	-0.42653	-134.42035	-5.28672	0.00018	-0.00135	1e-05
140	-0.4421	269.96982	-1.10246	0.00171	0.03826	-0.00046	-0.00066	-560.7559	-1.06328	-0.00288	-0.08913	-0.0005	-0.43469	-605.86211	-0.14247	-0.00274	-0.10362	0.00022	-0.02354	-324.90373	1.37193	-0.00347	-0.13645	0.00045
141	0.02917	-410.83157	0.34118	-0.00281	-0.06388	-0.00178	0.15896	339.93759	1.97424	0.00173	0.03822	-0.00052	0.06279	-207.49466	0.33399	-0.00038	-0.0096	0.00119	-0.09505	17.83869	-0.39777	-0.00063	-0.01733	-0.00385
142	-0.18111	21.32227	-1.77616	2e-05	0.00171	2e-05	-0.06911	-51.04026	-0.56122	-0.00105	-0.03502	-0.00014	-0.25879	-26.03336	-3.05407	-3e-05	-0.00304	-0.00023	0.44828	-77.48806	4.16111	0.00033	0.02827	0.00011
143	-0.2546	504.48507	-0.41213	0.00357	0.07586	-0.0014	-0.09339	-1270.48651	-1.20926	-0.00924	-0.20121	8e-05	-0.03995	-846.27623	0.58331	-0.00557	-0.16212	0.00013	-0.20666	483.39153	-0.04764	0.00419	0.0865	-0.00127
144	0.23793	-884.46259	0.2717	-0.00589	-0.12087	-0.00113	-0.15893	-1257.50396	-3.43021	-0.00767	-0.15472	-0.00157	-0.00837	1370.60412	2.05812	0.00615	0.16053	0.00213	-0.25254	-103.80563	-0.21563	-0.00013	-0.03484	-0.00072
145	0.01295	-544.54393	0.76286	-0.00211	-0.09793	-0.00352	-0.14025	-30.79833	-1.355	-0.00038	0.00905	-0.00156	-0.10784	340.5925	-1.956	0.00207	0.0742	-0.00232	-0.32968	-580.4475	-1.39	-0.0034	-0.11387	-0.00226
146	0.05944	74.15333	1.29643	-0.00029	0.00329	0.00145	-0.14595	-702.04637	-1.51011	-0.00328	-0.07898	-0.00049	0.01579	-12.76007	0.36177	0.00028	0.01613	0.00095	0.08542	638.52023	1.95271	0.00257	0.06112	0.00091
147	-0.14397	-253.46938	-3.45512	-0.0006	-0.02126	-0.00402	0.10645	-113.1424	2.07427	-0.00176	-0.01868	0.00212	-0.17938	82.57345	-0.71516	0.0005	0.01219	-0.00103	-0.00353	-102.73747	1.4361	0.00023	-0.0025	-0.00459
148	-0.00035	40.02395	-0.8211	0.00102	0.00964	-0.00068	-0.20438	-44.47441	1.19077	0.00039	-0.00801	-0.00117	-0.29999	197.69012	-4.08313	0.00053	0.0121	-0.00075	-0.00243	116.69884	-0.73145	0.00032	0.00851	-0.00016
149	-0.06647	-411.32921	0.80428	-0.00307	-0.07691	0.00038	0.09775	539.20934	-2.34731	0.00388	0.10962	-0.00117	-0.14744	-251.02781	0.82963	-0.00208	-0.05607	-0.00032	0.22447	-138.59193	-0.00497	0.00056	0.02917	0.00078
150	0.39358	170.57036	0.19913	0.00168	0.06443	-6e-05	0.39791	349.04972	0.14198	0.00248	0.08741	0.00069	0.30993	240.0794	-0.13247	0.00181	0.06007	0.00045	0.25762	227.05664	-0.37478	0.00173	0.05853	-0.0013
151	0.24084	-196.28125	0.96985	-0.00075	-0.04346	-6e-05	-0.39328	-170.57143	-2.47988	-0.00135	-0.01901	-6e-05	0.26326	-212.91667	-2.42117	-0.00114	0.00858	-8e-05	-1.31693	-247.2	-1.0721	-0.00315	-0.12194	-5e-05
152	-0.15867	-349.91592	0.74536	-0.00409	-0.11582	0.00389	-0.37617	820.12495	-0.84417	0.00662	0.15947	-0.00161	-0.04784	-970.90459	-1.3485	-0.00495	-0.10663	-0.00495	-0.79405	-252.95766	-2.2975	-0.00107	-0.03826	-0.0043
153	-0.27058	-348.65892	-0.74754	-0.0018	-0.06485	0.00078	-0.0985	-352.83085	-1.01023	-0.00171	-0.03906	-0.00384	0.07611	-32.53554	-0.38993	0.00042	0.03444	2e-05	0.03943	30.44927	1.59072	-0.00114	-0.04898	0.00055
154	0.10093	-3.25483	1.35874	2e-05	0.00282	5e-05	-0.56647	-85.75255	-6.88178	-0.00024	-0.01086	-0.00034	-0.56323	-124.0464	-6.25223	-0.00039	-0.01153	-0.00038	0.24737	10.49796	2.79433	-2e-05	0.00139	0.0001
155	0.13311	-194.34935	1.49522	-0.00201	-0.05302	0.00215	-0.15796	92.47558	-1.09224	0.00072	0.01688	0.0	-0.04626	-746.23127	0.19882	-0.00312	-0.09496	-0.00093	0.42771	-22.04388	1.02649	0.0002	0.03705	-0.00024
156	-0.72293	-340.1457	-0.85118	-0.00407	-0.11612	0.00212	0.19728	723.94156	0.28144	0.00522	0.13542	-0.00011	-0.02253	-378.00258	-0.50934	-0.00255	-0.0701	-0.00126	0.29485	-357.27161	-0.17355	-0.00119	-0.01926	-0.00174
157	-0.66233	177.02701	0.26	-0.00018	-0.01034	4e-05	0.15184	-112.37222	-1.00875	-0.00048	0.00737	-0.00054	-0.2005	-506.01767	-2.3	-0.00244	-0.08673	0.00047	0.54292	181.67857	0.635	0.00114	0.0622	-0.00064
158	-0.47211	296.62111	-2.53954	0.00298	0.04955	-0.00022	0.04825	-203.57875	0.91003	-0.00123	-0.07084	-0.0016	0.21998	-166.63286	1.92633	-0.00178	-0.0168	-0.00106	-0.34635	-161.29167	-4.2836	-0.00084	0.02829	0.00068
159	0.11674	-51.82839	-0.06656	-0.0011	-0.02962	0.00241	-0.16858	107.63146	-0.87386	7e-05	0.00995	-0.00015	-0.1652	-752.28762	-1.13101	-0.00341	-0.07072	-0.00166	-0.25788	-193.22721	-1.40818	-0.00105	-0.01269	-0.00162
160	-0.2352	-152.56797	-2.17071	-0.00111	-0.01711	-0.00046	-0.30587	58.06729	-2.05769	0.00151	0.02166	0.00069	0.07946	-218.9589	0.95917	-0.00262	-0.06306	0.00078	-0.25684	11.93396	-1.91818	0.00082	0.00332	-0.00081
161	-0.15677	-260.20474	-2.01026	-0.00104	-0.03423	-0.00062	-0.23775	91.9651	-1.25303	0.00012	-0.00985	0.00041	-0.11585	-97.51419	-1.3015	-7e-05	0.0074	-0.00056	0.35698	182.51435	2.31074	0.0007	0.02968	0.00054
162	0.09833	-77.61538	0.83396	-0.00117	-0.04262	0.00156	-0.09455	-462.15985	-0.6201	-0.00275	-0.08054	-0.00345	-0.46037	926.03383	-1.75846	0.00616	0.18719	-0.00439	-0.49167	-195.8806	-1.32593	-0.00059	-0.0342	-0.00181
163	0.04269	147.9319	-1.08385	0.00104	0.04891	-0.00132	-0.13463	194.37235	-0.40955	0.00081	-0.00467	0.00136	-0.22897	-176.374	-0.25308	-0.00107	-0.03294	-0.0005	-0.50226	326.91636	-0.64008	0.00176	0.04508	0.00027
164	0.00445	-39.68184	-0.55122	0.00026	0.00941	4e-05	0.11913	324.53327	2.43249	0.00184	0.03062	-0.00033	-0.1676	166.11188	-1.69319	0.00026	0.01192	-0.00074	-0.45601	-46.33469	-3.85078	0.00015	0.00354	-0.00023
165	-0.40372	-189.34288	-2.00688	-0.00092	-0.04351	4e-05	0.41214	224.50625	2.32561	0.00176	0.045	0.00016	-0.49857	64.70602	-2.58998	-0.00017	-0.00728	-8e-05	0.08698	-144.02834	1.26035	-0.00088	-0.04662	-0.00038
166	-0.08355	308.63582	4.36391	0.00105	0.01931	0.00041	-0.96529	57.23253	-3.58747	0.00053	-0.00267	0.0	-0.15021	-298.91847	-4.11918	-0.00088	-0.00288	-0.00043	-0.02989	-527.19395	-5.92299	-0.00293	-0.07022	-0.00053
167	-0.2826	151.73992	-3.18069	0.00122	0.0374	0.00175	0.13761	-141.87573	0.83683	-0.00126	-0.02842	0.00015	-0.15338	-231.09652	-0.36118	-0.00246	-0.05089	-0.00088	-0.07374	-518.0354	-0.63223	-0.00405	-0.08362	-0.00077
168	-0.04431	8.58619	-0.74577	0.00013	0.00686	6e-05	0.03658	-301.78975	0.45443	-0.00128	-0.03186	-8e-05	-0.23336	73.26684	-2.32505	0.00014	-0.0031	-0.00011	-0.21748	102.11633	-1.59702	0.00012	-0.00584	4e-05
169	-0.16469	720.10712	2.37712	0.00412	0.07693	-0.00094	-0.1411	-878.61964	-0.16859	-0.00568	-0.14868	-0.0009	0.1672	-1415.87109	-2.87084	-0.00954	-0.18149	-0.00044	-0.28168	-459.51391	-6.34266	-0.00162	-0.00196	0.00052
170	-0.25746	-247.13021	-0.42957	-0.00234	-0.05676	0.00138	-0.14004	21.15209	-0.02095	-8e-05	-0.01481	-0.00016	0.2996	-89.65817	1.44744	-0.00074	-0.01913	0.00034	0.06393	-158.31844	-0.70447	6e-05	0.00403	-0.00062
171	0.14709	239.00693	0.3004	0.00089	0.04823	-0.00222	0.02266	-1574.6859	-0.32735	-0.00853	-0.25712	-0.00108	-0.55412	-1217.34469	-1.17474	-0.00863	-0.24446	-0.00039	0.02611	1268.32027	-1.62827	0.00513	0.21557	0.0004
172	0.06606	-148.01219	2.00549	-0.00045	-0.02119	-0.00026	-0.16437	-45.97422	-2.06776	-0.00031	-0.01096	-0.0	-0.04276	1.84272	-1.81302	0.00011	0.00272	0.0	0.13706	-73.50736	0.41694	-0.00033	-0.00896	-2e-05
173	0.20008	-74.83634	1.18994	5e-05	0.01529	0.00038	-0.19026	-224.01078	-2.09146	-0.00025	-0.03226	-0.0002	-0.36637	197.7161	-1.69654	0.00042	0.00117	-0.00015	0.19194	-89.7382	0.90715	-0.00055	-0.01678	0.0001
174	-0.15519	-685.81688	-1.45917	-0.00579	-0.13594	-0.0009	-0.22505	224.7944	0.885	0.00354	0.0895	-0.00212	-0.2492	-369.78396	-3.53036	-0.00225	-0.02679	-0.0009	-0.42214	355.45473	-1.7225	0.00208	0.03711	0.00432
175	-0.34369	-151.85455	-3.14256	-0.00061	-0.02946	-0.00286	0.29938	118.08	3.14937	-0.00039	0.01701	-0.00327	-0.31465	-134.4	-3.16049	-0.00041	-0.02467	-0.00424	0.36187	169.92	3.15187	0.00142	0.0376	0.01023
176	0.52886	-30.57456	1.71946	0.00012	0.01673	6e-05	-1.83678	-125.7778	-2.39216	-0.00256	-0.10036	-3e-05	-1.5119	-76.62408	-4.12388	-0.00238	-0.09592	-0.00017	0.88207	203.6183	-2.62912	0.0027	0.07937	-0.00025
177	0.08516	277.00041	1.56823	0.00138	0.04027	0.0008	-0.11114	-227.21317	-0.79739	-0.00207	-0.04294	0.00168	-0.07683	-462.31026	-0.69947	-0.00331	-0.08009	6e-05	0.05556	-362.14525	0.4244	-0.00241	-0.06748	-0.00082
178	-0.19715	252.69675	-2.39399	0.00207	0.03959	-0.00317	0.02091	183.29571	-0.85556	0.00095	0.05409	0.00364	0.02077	-245.74016	1.06079	-0.00143	-0.06368	-0.00408	0.00589	-301.89468	-0.76145	-0.00212	-0.05404	0.00045
179	-0.09856	-275.09569	-0.38389	-0.00138	-0.04359	-0.00063	-0.35356	-102.14937	-2.24204	-0.00077	-0.01396	-0.00086	-0.22804	167.52371	-1.21516	0.00132	0.03142	-0.00048	0.09158	-284.15578	1.63802	-0.00294	-0.08108	-0.00046
180	-0.02675	-756.34382	0.37684	-0.0051	-0.08005	-0.00161	0.75093	84.10465	-0.9776	-0.00149	0.03337	0.0034	-0.56354	203.26983	-0.37674	0.00039	-0.00858	-0.00087	-0.13244	351.1204	-0.56493	0.00466	0.09715	-0.00175
181	-0.36903	974.53354	-2.0125	0.00665	0.17842	0.00317	0.36063	-284.79089	-1.671	-0.00289	-0.00871	0.00076	-0.40654	38.79852	-1.10306	0.00096	0.00108	-0.00058	0.55518	272.65069	3.3675	0.00228	0.02685	-0.0008
182	-0.1191	-83.36572	-0.04706	-0.00096	-0.03185	-6e-05	-0.17014	-119.09389	-0.06722	-0.00137	-0.0455	-8e-05	-0.08507	-59.54694	-0.03361	-0.00068	-0.02275	-4e-05	0.08507	59.54694	0.03361	0.00068	0.02275	4e-05
183	0.0623	28.37203	-0.28866	0.00072	0.01386	0.00069	-0.0279	-178.91445	-1.2657	-0.00044	-0.01934	-0.00069	-0.18338	43.0351	-0.50659	-8e-05	-0.00129	0.00042	-0.01121	81.09342	-0.61664	0.00107	0.03478	0.00104
184	-0.80168	10.48469	-0.54837	-0.0004	-0.02445	0.00014	0.05809	-79.47245	-1.06265	-0.00103	-0.01699	-0.00033	0.4352	16.52934	-2.57444	0.0006	0.03288	-0.00022	-0.47898	-114.0034	-1.10122	-7e-05	-0.02104	1e-05
185	-0.0456	137.33773	-0.42253	0.00109	0.02788	0.00015	-0.47857	309.71946	-2.27089	0.00216	0.06828	0.00093	0.12114	-12.37353	0.39671	8e-05	-0.00488	0.00054	0.0344	-152.94266	-0.39519	-0.00146	-0.02566	0.0004
186	0.28376	132.09852	1.93223	-8e-05	-0.00727	-0.00052	0.12688	-168.19631	0.60384	-0.00052	-0.0135	-9e-05	-0.03507	-225.75462	-0.44501	-0.00025	-0.00097	0.00104	-0.33612	-125.7202	-3.05965	-0.00026	-0.01047	-0.00041
187	0.73147	367.25772	0.01224	0.00358	0.11716	0.0001	-0.91925	-54.90718	-0.75233	-0.00161	-0.06559	-9e-05	-1.84149	-412.51561	-1.41061	-0.00564	-0.20043	-0.00011	-0.94976	-467.68109	-2.50776	-0.00485	-0.15794	-0.00032
188	-0.19326	-42.57158	-1.60011	-0.00057	0.00398	-1e-05	-0.08268	-108.46268	-1.47657	-8e-05	0.00826	-0.00061	0.07363	29.83557	0.91228	-0.00027	-0.01231	-0.00065	-0.1022	-160.64684	0.61341	-0.00078	-0.03749	-3e-05
189	0.06747	23.04907	1.25666	-5e-05	-0.00579	9e-05	0.02886	18.9754	-0.93778	1e-05	-0.00227	0.00012	-0.05013	-14.71131	-0.31676	5e-05	0.00491	-8e-05	-0.16624	-68.10293	-1.96757	-0.00024	-0.00837	-0.00032
190	0.05491	20.89203	0.28186	0.00041	0.0191	-0.00037	-0.08575	-96.11099	-1.38986	-0.00039	-0.01787	-0.00062	-0.20582	324.54098	-1.32612	0.00185	0.03654	-0.00115	-0.06836	284.04897	-0.60314	0.00172	0.04635	-0.00076
191	-0.06236	87.41466	-0.6538	0.00119	0.00891	-0.00255	0.09875	-0.54018	-0.22793	-4e-05	0.01917	0.00184	0.01577	-173.29846	-0.69359	-0.0015	-0.04096	-0.00567	0.1168	-288.84899	0.28838	-0.00207	-0.03787	0.00054
192	-0.13107	-231.90572	-1.254	-0.0001	-0.01313	-0.00654	-0.00201	-20.69389	-0.125	-0.00013	-0.00477	-0.00407	0.1024	45.55306	1.51333	-0.00026	-0.00713	0.00938	-0.2199	-655.29306	-2.34	-0.00069	-0.05121	-0.00679
193	-0.39331	-144.26953	-1.85464	-0.00093	-0.0373	6e-05	-0.12745	-137.76358	-1.79453	-0.00095	-0.02232	-0.00013	-0.20352	-473.62854	-1.81516	-0.00236	-0.04079	-0.00035	0.14608	178.38914	0.41964	0.00136	0.04036	9e-05
194	0.07203	-492.61354	0.60879	-0.00343	-0.0923	-0.00025	0.23789	253.2667	0.55446	0.00123	0.03943	-0.00112	0.2369	-374.68995	-0.9416	-0.00069	-0.01479	-0.00065	-0.80342	253.83875	-3.73428	0.00105	0.00796	0.00075
195	-0.11034	29.13777	1.39137	-0.00022	-0.01683	0.00014	-0.40157	-341.47892	-1.56108	-0.00298	-0.07845	-0.00011	-0.41397	-331.99018	-4.94662	-0.0019	-0.0424	-0.00029	-0.41595	63.76683	-4.98733	0.00245	0.0729	-0.00041
196	-0.4732	-248.78222	-4.02289	-0.00177	-0.06464	0.00151	-0.09366	-241.89806	0.81111	-0.00048	-0.04211	-0.00107	0.57793	-57.76444	2.38556	-0.00129	-0.003	-0.00495	-1.96084	627.16778	-3.83056	0.00194	0.03857	-0.00391
197	-0.13408	25.47513	-0.63435	-0.00145	-0.02406	0.00389	-0.13719	418.48457	-0.09323	0.00217	0.0683	-0.0001	-0.25835	-480.56206	-1.06373	-0.00211	-0.03604	-0.00248	-0.61233	-367.84716	-1.22633	-0.00337	-0.1048	-0.00242
198	0.01468	-102.29231	-0.90905	-0.00027	-0.00014	-0.0017	0.10089	266.30318	0.08573	0.00032	0.0123	0.00248	0.02631	-176.52451	0.77149	0.00021	-0.01083	-0.00101	-0.21318	-143.67604	-2.87441	-0.0015	-0.01577	-0.00296
199	-0.0764	-104.63716	-1.19379	-0.00016	-0.01755	-0.00152	-0.41549	-11.0021	-2.74328	-0.00027	-0.00657	-0.00164	-0.09826	51.7144	-0.45161	0.00055	0.01911	-0.00137	0.25997	-172.7996	2.3491	-0.0004	-0.03156	-0.00321
200	-0.14283	-448.62747	0.6423	-0.00603	-0.14377	0.00511	-0.16197	972.38213	-0.34649	0.00709	0.1784	0.00071	-0.2921	-428.19747	0.34383	-0.005	-0.14218	-0.00163	0.27423	-280.65447	-0.21217	0.00034	0.00266	-0.00179
201	-0.22411	-46.2065	-1.52488	0.0	-0.02203	-0.00209	-0.02819	-8.14739	-0.31781	-7e-05	-0.00034	-0.00441	0.14432	-4.76432	-0.36821	-0.00048	0.01357	0.00358	-0.20541	-522.05291	-0.27921	-0.00236	-0.09598	-0.00042
202	-0.19046	-293.0941	-0.94558	-0.00314	-0.0512	2e-05	0.0201	46.61875	0.46152	0.00138	0.02211	0.00037	0.1349	-334.36185	0.71747	-0.00321	-0.06057	0.00082	0.03119	-514.78727	-0.73161	-0.00267	-0.06515	0.00046
203	0.26343	-149.07093	1.75176	-0.00134	-0.0235	-0.00012	-0.0678	-115.78905	-1.167	-0.00094	-0.01736	-0.00022	-0.10771	118.42911	-0.31521	0.00069	0.02471	-0.00039	-0.33728	-128.34365	-1.28907	-0.00092	-0.02635	-0.00041
204	0.53967	-196.97854	-0.26858	0.00055	0.03348	0.00024	-0.17042	-23.48654	1.63208	-0.00097	-0.00735	-0.00018	-0.60031	539.23801	0.21007	0.00385	0.07818	-0.00035	-0.25697	-462.18352	-0.70025	-0.00276	-0.076	-0.00034
205	-0.03624	106.32963	0.45749	0.00076	0.00842	7e-05	-0.00547	-352.87978	-0.01996	-0.00151	-0.03999	0.00035	-0.0123	3.92176	-0.79287	0.00066	0.00863	0.00017	0.00625	75.28028	0.24385	0.00049	0.0133	-0.00043
206	-0.10758	-144.94043	-0.6945	-0.00065	-0.02254	-0.00074	-0.1124	-362.8942	-0.70053	-0.00252	-0.06004	-0.00054	0.01637	-20.15491	-0.22889	0.00102	0.02618	0.00183	-0.38855	16.48911	-3.05588	0.00168	0.04149	-0.00044
207	-0.35557	358.59432	0.19876	0.00169	0.03361	-0.00071	-0.10234	391.55684	-1.31184	0.00184	0.06024	-0.00088	0.32734	1.50519	3.49254	0.00049	0.0086	0.00016	-0.44121	27.60328	-1.60202	0.00065	0.01455	0.00036
208	-0.21019	-497.40778	-0.28954	-0.00097	-0.08071	-0.00423	-0.09748	192.23	-0.86698	0.0006	0.02522	0.00109	-0.05751	-905.31571	0.0509	-0.00492	-0.14519	0.00052	0.22011	196.58667	0.39873	0.00029	0.04464	-0.00198
209	-0.03705	-262.96224	-0.87479	-0.00112	-0.03309	-0.00032	0.01688	-374.97075	-0.78026	-0.00073	-0.06033	-0.00021	0.13703	-215.34626	1.43627	-0.00193	-0.03576	-0.00127	-0.379	226.97085	-3.32061	-0.00011	0.05982	0.00093
210	0.06144	-417.76023	-0.16938	-0.00259	-0.06056	-0.00099	-0.178	343.05973	-0.64933	0.00168	0.04458	-0.0009	-0.01384	-246.18442	-0.77448	-0.00154	-0.03027	-0.00013	0.08958	174.74265	0.60344	0.00107	0.02475	0.00031
211	-0.11365	-225.32077	-0.693	-0.00109	-0.0397	-0.00094	0.04299	-199.09583	-0.84115	-0.00115	-0.01285	0.00109	-0.22501	-50.89818	-1.89032	-2e-05	-0.01151	-0.0008	0.11488	97.961	0.00589	0.00112	0.0325	0.00209
212	-0.69626	320.24869	-0.38289	0.002	0.02693	0.00021	0.17469	-123.67072	-0.86274	-0.00144	-0.02501	-0.00015	-0.2589	-687.70475	-1.20293	-0.00542	-0.13816	-0.00026	0.78254	-521.5106	-0.0224	-0.00233	-0.01365	-0.00026
213	-0.1118	-573.18441	-2.06053	-0.00556	-0.07513	-0.00015	-0.2586	-115.67144	-2.1601	-0.00126	-0.00327	4e-05	-0.05864	233.16082	-1.03551	0.00305	0.04483	1e-05	-0.03218	-891.91291	-1.82914	-0.00794	-0.1207	-0.00017
214	-0.95977	-285.08528	-3.07729	-0.00109	-0.05519	-0.00078	0.36299	-1158.02787	-0.20168	-0.00783	-0.16947	0.00017	-0.04795	367.64791	0.27474	0.0024	0.03895	-0.00115	-0.03262	-89.64631	0.33489	-0.00141	-0.03122	-0.00216
215	-0.33835	-356.69745	-0.81413	-0.00269	-0.05856	-0.00153	0.1973	-90.59473	-0.20982	0.00018	-0.00537	0.00012	0.34986	-397.7143	0.9824	-0.00201	-0.05397	-0.00195	0.25196	-128.3231	0.31315	-0.00067	-0.01559	0.00098
216	-0.01946	-152.01152	-0.13681	3e-05	-0.00238	-0.00332	0.03218	211.03122	1.65941	0.001	0.00959	0.00152	0.15902	-324.00679	0.78802	-0.00148	-0.02842	-0.00168	-0.26297	-378.6165	-1.26427	-0.00228	-0.08662	-0.00148
217	-0.18477	-264.72303	-0.75635	-0.00208	-0.04077	0.00033	-0.08355	-34.4768	-0.83292	-0.00056	-0.01373	-0.001	0.18162	101.66328	2.39386	0.00054	-0.00061	0.00015	-0.40977	-437.5399	-3.88	-0.00303	-0.04373	-0.0005
218	-0.02149	-593.14867	-0.60193	-0.00414	-0.07991	-0.00094	0.05959	439.56907	0.51999	0.00219	0.05267	0.00128	-0.12541	-342.05366	-0.46164	-0.00055	-0.02424	-0.00171	-0.20633	238.66213	-1.91966	-0.00012	0.01931	-0.00563
219	-0.3677	-162.14402	-1.57839	-0.00163	-0.04864	0.00031	-0.11201	203.50058	-0.91206	0.00281	0.06088	-0.00063	-0.31511	-5.39243	-0.07132	-0.00093	-0.01304	-0.00073	0.37248	-596.94704	0.04778	-0.00447	-0.07998	-0.0001
220	0.04389	-103.66183	-0.14607	-0.00109	-0.02506	0.00092	-0.1218	44.65638	-1.4491	0.00011	0.00739	-0.00039	-0.18178	-303.90426	-1.38715	-0.00195	-0.03533	-0.00037	-0.27814	-18.90624	-3.14045	0.0003	0.01604	-0.00063
221	-0.41541	-198.9483	-2.01282	-0.00113	-0.02477	-0.00146	0.14989	298.42653	1.68725	0.00106	0.01148	-0.00124	-0.4576	17.63937	-3.43118	0.00118	0.02876	0.00087	0.10788	99.26907	0.69862	8e-05	-0.01019	-0.00102
222	-0.00686	-189.72686	-0.39048	-0.00174	-0.0372	-3e-05	0.18586	-99.00557	-0.75712	-0.0005	-0.02728	-1e-05	-0.06676	190.51972	1.59517	0.00103	0.01471	-5e-05	-0.36531	-394.5253	-3.8973	-0.00267	-0.04713	-2e-05
223	-0.29479	-171.74056	-0.41627	-0.00175	-0.05391	-0.00267	-0.15951	-123.83485	-0.10864	-0.00013	-0.02543	-0.00258	0.03862	-27.02147	0.31367	-0.00031	-0.00998	-0.00272	-0.43883	-330.90733	-1.3689	-0.00132	-0.07561	-0.00049
224	-0.53587	829.07444	-2.65465	0.00594	0.11229	0.00028	-0.52829	-21.27789	-1.67956	-0.0003	-0.0187	2e-05	0.14838	251.14852	1.9663	0.00206	0.0463	-0.00055	0.37031	-842.76639	1.12819	-0.00692	-0.13671	-0.00097
225	-0.06845	-528.01327	-1.73772	-0.00366	-0.07526	0.00133	-0.33717	-578.37958	-0.13138	-0.00449	-0.14393	-0.00087	0.43256	-324.08432	0.53807	-0.0016	-0.04431	-0.00118	-0.53656	829.8835	-1.04173	0.00685	0.18058	-0.0027
226	-0.45863	669.92081	-3.35886	0.00443	0.08559	-0.00063	-0.03611	344.30278	1.3615	0.00173	0.03073	-0.00063	-0.08922	-257.94815	-1.41806	-0.00142	-0.0307	0.00019	-0.04777	-814.95472	0.60062	-0.00686	-0.13926	0.0001
227	0.07505	51.36058	-1.43658	6e-05	0.0203	-0.00084	-0.27874	49.91833	-2.21099	3e-05	-0.00505	-0.00076	-0.13325	-106.00932	0.22822	-0.00105	-0.03123	-4e-05	-0.29115	-229.9425	-2.36201	-0.00132	-0.05041	9e-05
228	0.15457	223.46391	1.80783	5e-05	-0.00019	-0.00355	-0.45327	1.01349	-1.56151	0.00032	-0.01152	0.00074	0.14773	-472.04159	-0.69609	-0.00124	-0.02437	-0.00216	0.12779	-178.47641	0.21484	9e-05	0.01097	0.00137
229	-0.12533	125.70977	-1.20942	0.00152	0.02661	6e-05	-0.02122	-310.85	-1.63772	-0.00118	-0.02081	0.00061	-0.00488	-29.14917	1.14657	-0.00048	-0.04712	-0.00117	0.09253	210.16375	0.8284	0.00147	0.04416	-0.00079
230	0.01961	-310.5	-1.65116	-0.00258	-0.0221	-0.00117	-0.4194	-654.10083	-1.30037	-0.00495	-0.12077	0.0002	0.15611	821.02727	1.79978	0.00523	0.11184	0.00129	0.33305	-238.863	0.18753	-0.00117	0.01126	-0.00152
231	0.04071	339.67122	-0.45398	0.00313	0.08024	-0.00073	-0.40262	211.2974	-3.94062	0.00112	0.03913	-0.00133	0.03278	396.92849	1.97866	0.0012	0.05428	0.00211	0.26173	-238.93154	1.62848	-0.00092	-0.01781	4e-05
232	0.37821	0.46327	-1.41047	-7e-05	0.03259	-0.00024	-0.16269	153.90612	-0.45078	0.00112	0.02084	-3e-05	-0.50868	-184.97764	-0.65349	-0.00216	-0.06884	0.00018	-0.55301	-278.85959	-2.04716	-0.00078	-0.05308	-0.00016
233	-0.2485	63.18116	-0.39334	-0.00045	-0.01377	0.00069	0.02891	24.21413	0.44992	-4e-05	0.00366	-5e-05	-0.09366	50.15456	-0.6147	0.00014	0.00536	-0.00302	0.14971	-13.05201	0.20564	0.00022	0.0091	-0.00216
234	-0.41646	-262.23135	-1.38727	-0.00142	-0.06555	-6e-05	-0.09079	12.48088	-2.0817	0.001	0.04861	-0.00057	-0.45076	102.80184	-0.5059	-0.00028	0.00787	0.0002	0.51949	-357.33645	2.60906	-0.0042	-0.07173	0.00044
235	0.35057	-380.03368	0.26769	-0.00318	-0.02952	-0.00028	-0.03204	270.97683	-0.23525	0.00252	0.02232	0.00044	-0.3227	-299.23998	-1.81808	-0.00301	-0.06013	-0.001	-0.4485	-54.4891	-1.29072	-0.0007	-0.02972	-0.00014
236	0.27376	259.63142	1.40266	0.0024	0.06516	0.00028	-0.10653	-278.83966	-1.52319	-0.00237	-0.05039	0.00032	-0.17187	-315.17147	1.31292	-0.00315	-0.08595	0.00013	-0.63023	-452.867	-4.29405	-0.00193	-0.05997	-0.00035
237	-0.19326	19.96603	1.37007	0.00049	-0.01023	3e-05	-0.3275	209.43306	-1.92061	0.00183	0.02716	-0.0002	-0.10356	-314.63733	0.05436	-0.00302	-0.04782	4e-05	0.42073	-298.91437	-0.27068	-0.00317	-0.03448	0.00018
238	-0.01098	-330.66757	-0.49377	-0.00262	-0.02412	0.0007	-0.40439	-288.61569	-1.07983	-0.00236	-0.06197	-0.0005	0.13942	500.11998	0.4782	0.00388	0.06889	-0.00131	0.28701	-64.56515	0.30598	-0.00026	0.01976	0.00064
239	-0.17773	155.22378	-0.42508	0.00025	0.01715	0.00055	0.11145	-562.67554	-0.53263	-0.00173	-0.05515	-0.00414	-0.3305	-437.7474	-1.22699	-0.00226	-0.06705	-0.00095	0.27945	240.87579	1.8775	0.00083	0.00303	-0.00144
240	-0.16008	247.84729	0.69635	0.00312	0.0331	-0.00046	0.21074	76.46822	3.79274	0.00336	0.00325	-0.00069	-0.08607	202.48825	-0.72714	0.0018	0.03583	-0.00192	-0.04238	4.72573	1.15319	0.00036	0.00397	-0.00067
241	0.1645	-8.10908	-1.01412	0.00073	0.02093	-6e-05	0.24648	-162.62351	-2.31902	-0.00111	-0.02655	-0.00043	-0.85637	-68.12194	0.21291	-0.00139	-0.04524	6e-05	-0.75363	171.66544	-0.3215	-0.00108	-0.00415	0.00051
242	0.09737	-96.89844	-0.02981	-0.0005	-0.01214	-0.00033	-0.92136	54.40129	-6.00412	-0.0002	-0.0142	3e-05	-0.04873	-161.7137	-1.71388	-0.00074	-0.01241	-0.00014	0.87143	86.11774	6.99655	0.0002	0.01343	0.00021
243	0.11516	-10.86303	0.25291	0.00123	0.04088	-0.00144	0.24754	193.97142	0.29332	0.0018	0.04576	0.00142	-0.33146	-74.75462	-1.65177	0.00044	0.00743	-0.00163	-0.22083	-167.68009	-3.00309	-0.00061	-0.01283	-0.00193
244	-0.2026	-32.44228	-0.76129	-0.00083	-0.00258	-0.00044	-0.07223	380.96482	0.4244	0.00177	0.03926	-0.00093	-0.26978	-122.99632	-1.15873	-0.00043	-0.00468	0.00067	-0.15592	-170.59587	-0.80931	-0.00112	-0.01349	-0.0013
245	-0.15075	88.54724	-0.79716	0.00012	0.00506	-0.00015	-0.04205	-651.61482	-1.07014	-0.004	-0.09856	-0.00051	-0.22764	-6.74125	-1.01861	0.00126	0.0207	-6e-05	0.14382	-551.02885	0.40532	-0.00353	-0.09603	-0.00032
246	-0.03899	-938.38525	-0.73136	-0.0071	-0.12359	-0.00314	0.07607	514.78547	0.59182	0.00293	0.06359	0.00433	-0.20291	-478.23654	-1.16821	-0.0013	-0.03541	-0.00254	-0.11062	248.3842	-0.37491	-0.00044	0.01189	-0.00301
247	-0.02387	-9.39235	1.78744	-0.00084	-0.02974	-0.00034	-0.26182	-289.2196	-1.12337	-0.00189	-0.03729	-9e-05	-0.78919	-154.8816	-4.52826	-0.00057	-0.01745	0.00035	0.0652	3.28382	0.18563	0.00029	0.02237	-0.00028
248	-0.037	166.50325	-0.92705	0.00098	0.03149	-0.00011	-0.14233	-92.16218	-0.93326	-0.00066	-0.02093	-0.00115	0.03514	-23.35373	0.06192	-0.00032	-0.00369	-0.0001	-0.1299	11.85934	-1.37378	0.00027	0.00415	-0.00061
249	0.36266	362.31264	-0.01627	0.00239	0.10014	0.00229	-0.01213	202.87012	-0.38765	0.00083	0.04139	-0.0013	0.68924	614.03329	0.4098	0.00563	0.1748	-4e-05	0.35292	364.20401	-0.02131	0.00302	0.09718	-0.00181
250	-0.14007	-667.81019	-2.55526	-0.00518	-0.08934	-0.00055	0.00986	-84.725	1.14318	0.00093	-0.01328	-0.00079	-0.1472	-127.31841	-1.7608	-0.00278	-0.01525	0.00334	0.1783	553.4805	1.81056	0.00447	0.07834	-0.00293
251	-0.05591	-129.36918	-0.33113	0.0006	-0.00969	-0.003	-0.19186	192.0041	-1.92865	0.00039	0.01677	0.00283	-0.2037	-659.91313	-2.85084	-0.00192	-0.04526	-0.00336	0.23721	-31.11059	2.92374	-0.00099	0.00046	0.00046
252	-0.1322	116.62578	-1.52479	0.00167	0.03734	0.00041	-0.1516	87.59345	-0.59534	0.00203	0.02539	-0.00061	-0.07041	-146.63563	-1.1435	-3e-05	-0.00762	-3e-05	0.21736	-105.18956	0.78521	-0.0015	-0.01815	-0.00087
253	0.15805	-282.48735	2.18489	-0.00072	-0.03746	0.00191	0.06793	89.10396	0.46578	0.00053	0.01735	0.00016	0.08945	16.51753	0.11469	-0.00012	0.01206	0.00097	-0.15436	-188.67913	-1.86981	-0.00116	-0.04765	-0.00311
254	-0.37416	-288.00938	-3.77575	-0.00189	-0.05758	-0.00018	0.15438	-441.47944	1.06398	-0.00213	-0.0525	0.00016	-0.10083	656.8629	-2.21284	0.00371	0.10537	-0.00011	0.08228	-246.52937	2.00298	-0.00197	-0.05936	-0.00033
255	-0.08748	400.3679	0.18952	0.00236	0.05949	-0.00032	-0.4634	-161.13038	-1.74772	-0.0008	-0.01298	-0.00022	0.02921	-240.06604	-0.01583	-0.00148	-0.02224	0.00022	-0.15953	-162.82688	0.60861	-0.00241	-0.06531	-0.00078
256	0.50408	-712.11616	1.98848	-0.00658	-0.10745	0.00011	-0.18676	413.63646	-2.02771	0.00379	0.0924	5e-05	-0.16092	35.06762	-0.19988	-0.00025	0.00571	-6e-05	0.02681	-364.50563	0.89437	-0.00385	-0.09099	-7e-05
257	-0.13242	-146.55479	-0.8311	-0.00135	-0.02897	3e-05	-0.17388	164.13474	-2.08287	0.00131	0.03724	4e-05	0.01675	-170.08477	0.22161	-0.00182	-0.05272	2e-05	-0.30991	-114.97518	-1.97602	0.00031	-0.03294	-0.00043
258	0.44394	30.83955	1.52286	-0.00069	0.01614	-0.00102	-0.2376	-557.37354	-0.75667	-0.00405	-0.1067	-0.00074	-0.04968	-142.34738	0.832	0.00088	-0.02214	-0.0007	0.1877	73.49937	-0.37	0.00159	0.03868	-0.00156
259	-0.08559	-170.06877	-0.34554	-0.0015	-0.02987	-0.0004	-0.02867	-371.44992	-0.34794	-0.00103	-0.03353	-0.00037	0.00414	310.29662	0.51693	0.00096	0.03286	0.0029	0.06224	170.83721	-0.14313	0.00082	0.0186	-0.00193
260	0.0371	52.08942	-0.49072	0.00105	0.01679	-0.00117	-0.27984	7.24458	-1.58162	-0.00031	-0.01259	-0.00029	0.18823	96.1425	1.07817	0.00148	0.04698	6e-05	0.01714	-5.9005	-1.28681	0.00034	0.02163	-0.00223
261	-0.28761	-167.90089	-0.06439	-0.00092	-0.0506	-0.0003	-0.35914	121.04304	-2.99181	0.00097	0.01767	0.00037	-0.12016	-8.12926	-0.63221	-0.0003	0.00832	-0.00025	0.37989	99.83444	0.86547	0.00023	0.0034	-0.00029
262	0.28775	201.8267	2.26176	0.00098	0.0231	-0.00132	-0.18505	-245.87771	-0.61755	-0.00079	-0.01283	0.0002	-0.4021	-436.04737	-4.14184	-0.00136	-0.02004	-1e-05	-0.41654	-267.77563	-3.57141	-0.00108	-0.02082	-0.00088
263	-0.251	104.9697	-0.81349	0.00138	0.03565	0.00015	-0.0438	-287.17039	0.51734	-0.00186	-0.03305	-0.0	0.04081	-83.48878	-0.34004	-0.00055	-0.02639	-3e-05	-0.39965	-110.15549	-3.32077	0.00061	0.00345	-0.00021
264	0.40142	401.93844	1.23476	0.00233	0.07785	0.00075	-0.13149	-91.97507	-0.69447	-0.00038	-0.00808	-0.00109	-0.34393	-7.87146	-1.49777	-0.00031	-0.01504	-0.00151	-0.22151	83.26672	0.08949	-0.00019	-0.02126	-0.00109
265	-0.13983	105.30746	-0.82899	0.00046	0.01381	-5e-05	-0.21354	-418.95973	-2.10385	-0.00364	-0.06478	-7e-05	0.11176	-216.0681	0.36861	-0.0005	-0.01202	-0.00023	-0.1537	253.02573	-3.03927	0.00273	0.04156	-0.00012
266	-0.18762	-312.82942	-2.67055	-0.00303	-0.04171	-0.0015	0.04491	-673.76875	0.45273	-0.00445	-0.10049	-0.00016	-0.10517	649.85932	-0.67151	0.00349	0.10219	-0.00167	0.18975	-905.628	2.30448	-0.00541	-0.1324	-0.00102
267	0.04112	162.88414	-0.81462	0.00141	0.05185	-7e-05	-0.3861	210.37422	0.05333	0.00093	0.00478	-0.0001	-0.03922	-96.7757	-0.23545	-0.00026	-0.00383	-0.00035	0.23415	-472.36502	0.724	-0.00327	-0.07212	0.00016
268	-0.0252	-247.49808	1.00431	-0.00194	-0.0565	0.00061	-0.24115	-447.84085	-1.81524	-0.00295	-0.07266	-0.00016	-0.4154	327.74243	-3.29056	0.00302	0.09073	-0.00086	-0.00372	-175.35803	0.14481	-0.00169	-0.05217	-0.00035
269	-0.09278	-483.12619	-0.8173	-0.00321	-0.07273	-0.00297	-0.27082	287.61255	-1.35206	0.00254	0.05067	-0.00011	0.2337	-352.08531	1.70108	-0.00371	-0.09345	-0.0006	-0.47797	-130.38802	-1.87608	0.00073	-0.00046	-0.00231
270	0.25205	179.72566	1.10605	0.00258	0.07701	-0.00014	-0.98173	317.71811	-4.81935	0.00234	0.0642	-0.0008	-0.71588	-198.2937	-3.57317	0.00073	-0.01095	-0.00053	0.39584	323.86069	3.26111	0.00201	-0.01208	-0.00115
271	0.04341	-0.41063	-0.25326	9e-05	0.00401	-0.00067	-0.15292	-101.49522	-0.37543	-0.00081	-0.03699	-0.0024	-0.06446	-15.03213	-0.57826	-0.00017	-0.00765	-0.00108	0.1282	36.75028	1.51372	0.00035	0.02008	0.00313
272	0.24949	-203.91671	1.41829	-0.00069	-0.00773	5e-05	-0.35392	18.88141	-2.0825	-0.0003	0.00641	-4e-05	-0.39443	384.92447	-1.99795	0.00176	0.03032	0.00018	0.0274	41.27649	0.07937	-0.00029	-0.00757	-2e-05
273	-0.21457	-163.03969	-0.45325	-0.00032	-0.02383	-0.00289	0.10928	322.0033	-1.16645	0.00088	0.05287	0.00493	0.02689	-589.65213	-0.42944	-0.00186	-0.06751	-0.00809	-0.24623	264.65478	0.16096	0.00096	0.02173	0.00263
274	-0.0499	-124.60999	-0.89233	-0.00139	-0.03362	-0.00282	0.17612	286.90661	0.84989	0.00249	0.07666	-0.00456	-0.10231	-236.39449	-1.13792	-0.00251	-0.06337	0.0028	0.06029	91.97358	0.86707	0.00108	0.03355	0.00261
275	-0.44089	-129.8695	-0.52972	-0.00104	-0.04765	4e-05	0.24178	-98.75105	0.76936	-0.001	-0.0159	-0.00012	-0.52348	-296.73833	-1.92852	-0.00155	-0.04785	8e-05	0.73393	-244.73647	0.3768	-0.00114	0.01601	0.00011
276	0.28971	195.85321	1.71123	0.00058	0.0173	-0.002	-0.19753	-298.8175	-0.92984	-0.00089	-0.01954	0.00051	-0.37884	-377.8215	-4.94259	-0.00118	-0.01837	-0.00149	-0.36158	-351.1125	-3.01266	-0.00074	-0.024	-0.00239
277	-0.05148	-91.79783	1.29181	-0.0008	-0.02374	-0.00066	0.14362	-176.31839	0.70986	-0.00106	-0.02565	-0.00047	-0.18192	-259.76595	-1.09159	-0.00108	-0.03831	-0.0003	0.22737	24.95157	-1.69454	0.00086	0.0453	-0.00046
278	-0.16423	-746.03449	-2.32338	-0.00542	-0.09387	-0.00053	-0.06551	-220.48935	0.2369	-0.00186	-0.0592	-0.00031	0.41819	641.89269	3.50554	0.0033	0.0959	-0.00087	-0.54913	-433.08027	-4.9286	-0.00071	-0.02724	0.00023
279	-0.29361	-184.43441	-3.13793	-0.0008	-0.03024	-0.00095	0.02925	-145.1092	-0.01849	-0.00026	-0.00753	0.00193	0.17409	419.36955	1.31475	0.0018	0.05435	0.00144	-0.1865	-358.74094	-1.24108	-0.0019	-0.05812	-0.0011
280	0.16059	-475.43395	0.15408	-0.00332	-0.09416	0.00015	-0.14366	97.84057	-0.41085	-0.00042	0.02822	-0.00088	-0.244	-33.06234	-0.42863	0.00079	0.00794	9e-05	0.33794	147.85955	-0.10014	0.00072	0.04805	0.00023
281	0.13765	-78.19661	1.3486	-0.00044	0.00282	-0.00086	-0.19365	-817.69535	0.32585	-0.00616	-0.1701	-0.00056	-0.08404	-25.31646	1.30137	-0.00033	-0.03967	0.00121	0.02316	523.78462	0.52939	0.0033	0.08919	0.00044
282	0.08579	-402.57713	0.51105	-0.00375	-0.09423	-0.00022	-0.35917	-186.56797	-1.09833	-0.0022	-0.04845	-0.00053	-0.11007	249.21179	-0.40706	0.00298	0.07008	-0.00025	-0.06326	-735.05766	-0.48062	-0.00541	-0.13306	-0.00045
283	-0.76032	115.17335	-1.89935	0.00068	0.01842	0.00025	-0.03834	-438.9946	-0.61051	-0.00339	-0.07899	-0.0003	0.24111	-163.47113	1.4456	-0.001	-0.03131	-0.00046	-0.54094	-38.34098	-2.88878	4e-05	-0.01646	-0.0002
284	-0.15732	862.11556	-0.31254	0.00519	0.1191	0.00168	0.03003	148.22038	-0.62491	0.00144	0.04621	-1e-05	-0.07558	15.34764	-0.78876	-1e-05	0.01591	-0.00067	0.01504	-1.73801	-0.84951	3e-05	0.01268	-0.00069
285	-0.26264	-51.72727	-0.62714	0.00065	-0.00612	-0.00036	0.07199	-251.88894	0.92097	-0.00175	-0.06565	-0.00213	-0.41446	-141.97916	-1.10683	-0.00135	-0.03925	-0.00109	0.33041	90.29351	0.37635	0.00018	0.0317	0.00191
286	0.17877	-210.02026	1.32889	-0.00175	-0.0369	0.0001	-0.18619	-804.27758	-1.56218	-0.00584	-0.13591	-0.00041	-0.19936	-82.51253	-1.52122	-0.00041	0.01671	0.0032	-0.03136	102.81946	-0.78065	-0.00012	0.03844	-0.0017
287	-0.2004	-252.47213	0.11174	-0.00038	-0.04342	-0.00035	-0.23451	-874.53057	-1.5098	-0.00484	-0.15374	-0.00175	-0.10538	2.5653	0.10813	0.00188	0.04792	0.00314	-0.16853	483.55956	-0.10951	0.0026	0.06088	-0.00134
288	-0.10314	-11.88273	-1.74054	0.00045	0.00964	-0.00013	-0.21605	-18.623	-2.26968	0.0002	0.00175	-0.00064	0.21482	-247.67667	1.65359	-0.00098	-0.04311	-0.00057	0.04565	42.68875	0.91882	-0.00045	-0.0047	-1e-05
289	-0.60732	113.69207	-1.79265	0.00048	2e-05	-0.00071	0.14748	-471.66539	-4.07982	-0.00199	-0.01683	-6e-05	-0.00897	-176.28822	0.71099	-0.00095	-0.02698	-0.00074	0.14935	39.03263	3.51602	-0.00059	-0.03356	-0.00038
290	-0.19812	-413.58896	-0.97503	-0.00351	-0.08632	0.00061	0.15492	639.86928	1.43628	0.0042	0.09633	-0.00025	-0.26475	-50.62065	-3.54028	-0.00058	0.01577	0.00267	-0.02823	36.54632	-0.50951	0.00044	0.00314	-0.00138
291	0.12075	-98.63539	0.29053	-0.00107	-0.02275	-0.00015	-0.47873	-286.29827	-4.09667	-0.00157	-0.03245	-0.00011	-0.42567	121.08734	-2.86529	0.00192	0.04552	-2e-05	-0.23966	-49.46885	1.22812	-0.00147	-0.03346	0.00011
292	-0.29434	-52.78025	-1.34573	-0.00159	-0.02341	-0.00067	-0.12115	-55.6834	-1.60194	-0.00019	0.00927	-0.00026	0.28629	-17.23414	2.83929	-0.00131	-0.02507	0.00047	-0.27656	-144.30245	-2.63065	-0.00173	-0.01147	-0.00049
293	-0.01397	-1018.14819	-1.88706	-0.00552	-0.1492	-0.00039	-0.22009	409.89951	-0.37638	0.00117	0.02449	-0.0018	-0.01522	-504.58373	0.28638	-0.00303	-0.08463	-0.00103	-0.19958	275.95824	-0.46545	0.00305	0.0579	-0.00133
294	0.74865	-565.18778	1.89658	-0.00373	-0.06988	-0.00042	0.75803	99.6054	3.64509	-0.00023	0.00824	0.00019	-0.08213	479.71559	1.14878	0.00381	0.09209	-0.0	-0.38991	-870.73583	-3.34737	-0.00638	-0.15398	-0.00031
295	0.09234	-35.38898	3.46944	0.00101	0.01213	0.00018	0.10354	414.56824	3.19094	0.00176	0.03849	-0.00092	-0.14217	-36.16571	0.08113	-0.00035	-0.00083	-0.00076	-0.23448	-260.36857	-1.0189	-0.00205	-0.0794	-0.00159
296	-0.09428	-10.73352	-0.20017	-0.00021	-0.01013	0.00237	0.00477	-33.34586	-0.17457	-0.0003	-0.00445	0.0015	0.03316	50.27425	-0.21254	0.00076	0.01767	-0.00509	-0.06082	-55.7363	0.27352	-0.00075	-0.02163	-0.00198
297	-0.26086	-78.86033	-1.35434	-0.00116	-0.03515	-0.0007	-0.27142	-233.06972	-1.65956	-0.00189	-0.03956	-0.00087	-0.6254	-73.35472	-2.79185	2e-05	-0.0048	0.00079	0.36416	40.31965	2.78778	0.00047	0.01831	-0.00119
298	-0.11202	-63.56287	-0.0925	-0.00045	-0.00582	0.00012	-0.10783	-173.11228	1.37909	-0.0019	-0.06959	0.00251	-0.07704	34.08428	0.395	0.00028	0.00757	-0.00151	-0.20715	-91.12402	-1.76667	-0.00038	-0.01982	-0.00218
299	0.10699	78.29179	1.25069	0.00053	-0.00331	-0.00101	-0.0033	-306.525	-0.86505	-0.00117	-0.02372	-0.00041	-0.0221	-1071.6705	-1.67259	-0.00572	-0.1386	0.0004	-0.20997	-47.475	-2.52266	-0.00158	0.00254	-0.00239
300	-0.27623	-156.07483	-0.41853	-0.00159	-0.05479	-0.0012	-0.49975	377.55372	-2.07073	0.00186	0.0384	-0.00077	0.45134	-653.23201	1.24828	-0.00297	-0.06879	-0.00098	-0.09957	156.46835	-1.36115	0.00144	0.03796	-0.00024
301	-0.40389	196.21405	-1.37157	0.00041	-0.00266	-0.0012	-0.51723	-264.82801	-3.60447	-0.00086	-0.04258	-0.00107	0.8338	-514.15564	1.68132	-0.00251	-0.02195	-0.00062	-0.36482	-534.24408	-0.37116	-0.00284	-0.08138	-0.00045
302	0.13387	-304.71432	-0.04938	-0.00203	-0.04399	-0.00018	-0.00582	-7.052	2.39212	0.0001	-0.00309	-5e-05	-0.36057	30.56917	-4.26854	0.0002	0.02783	-0.00012	-0.08331	-394.66063	-0.60437	-0.00149	-0.03662	-0.00036
303	0.40753	-520.70951	2.65956	-0.0031	-0.09228	-0.00092	0.11499	764.52576	2.19273	0.00333	0.0777	-0.00233	0.04107	-440.62099	0.83264	-0.00204	-0.05805	0.00151	-0.40453	213.96406	-1.60435	0.00104	0.01224	0.0009
304	0.05864	-39.61234	-0.08512	0.00139	0.03446	0.00036	-0.20704	49.34474	-1.09776	-4e-05	0.00423	-0.00077	0.0894	-169.02493	-1.04321	-0.00253	-0.06521	-0.00084	-0.37	-299.04533	-2.21604	-0.00197	-0.06931	-0.00057
305	-0.07069	-435.44085	0.37496	-0.00314	-0.09153	0.0005	-0.32422	186.78093	-2.32302	0.00066	0.02366	0.00034	0.15072	-332.31237	0.1437	-0.00131	-0.04129	-0.00066	-0.13891	-47.05409	-0.67884	-0.00046	-0.01251	-0.00068
306	-0.44223	104.37519	-2.31408	0.00035	0.00849	-9e-05	0.26811	-201.45917	-0.44777	-0.00032	-0.02058	-1e-05	0.07101	48.03205	-1.59616	0.00055	0.02239	-4e-05	0.33654	121.5985	-1.14594	0.00152	0.05626	-1e-05
307	-0.25231	322.52679	-2.17829	0.00157	0.05509	0.00122	0.16282	192.81491	1.69528	0.00051	0.01272	0.00043	-0.05732	-262.67792	-1.05691	-0.0021	-0.05238	-0.00192	-0.15459	-508.46541	-1.98375	-0.00275	-0.06484	-0.00145
308	-0.2456	-318.8673	-1.51529	-0.00213	-0.06621	-0.00192	0.03115	-672.65813	-2.31801	-0.00272	-0.05169	0.00021	-0.01201	-306.83658	1.26202	-0.00345	-0.08766	-0.00232	-0.02057	1049.85763	-1.83594	0.00618	0.19589	0.00413
309	-0.76097	-448.48094	-0.27307	-0.00198	-0.10944	-0.00173	1.05055	-534.10097	0.54568	-0.00196	-0.00755	0.00023	-1.031	-273.27464	-2.05457	-0.00168	-0.07183	-0.00144	0.54455	703.27867	2.15542	0.00348	0.07358	-0.00017
310	-0.07622	319.10543	-1.48399	0.0002	0.02122	-0.00167	-0.22676	-561.95014	-0.94816	-0.00393	-0.12196	0.00067	0.42878	-111.41698	1.8482	-0.0007	-0.00444	-0.00062	-0.2352	71.38382	-3.36602	0.00103	0.02923	-0.00103
311	-0.03768	-189.33859	-0.14152	-0.00111	-0.04159	0.00023	-0.00791	166.74911	0.46732	0.00015	0.01279	-0.00096	-0.32313	-229.36519	-3.0615	-0.00095	-0.0172	0.0002	-0.32884	112.78111	-3.21878	0.00088	0.03052	4e-05
312	-0.06015	51.06444	-0.59648	-9e-05	0.01549	-0.00088	-0.08097	-175.06678	-1.45489	-0.00073	-0.0075	0.00024	0.11326	-26.81111	0.9283	4e-05	-0.01836	-0.0002	-0.4048	-197.10928	-0.82799	-0.00229	-0.05847	0.00017
313	-0.19073	-0.14836	0.11325	-0.00011	-0.00373	-0.00068	-0.48956	-107.66332	-1.14383	-0.00087	-0.0476	-0.00104	0.26522	-217.52675	0.73496	-0.0006	-0.01591	-5e-05	0.0336	36.50121	-1.17271	5e-05	0.0104	0.00069
314	-0.26895	99.36462	-2.53723	-0.00017	-0.00186	-0.00341	-0.32744	-79.28255	-0.91896	0.00012	-0.02434	0.0008	0.10963	-472.04159	-0.51037	-0.00124	-0.02139	-0.00167	0.15949	-178.47641	0.08688	9e-05	0.02013	-0.00012
315	-0.6048	-985.01735	-4.06609	-0.00647	-0.13666	-0.00013	0.23267	-35.21151	-0.35239	-0.00241	0.00103	0.0028	-0.06419	-511.284	-0.78157	-0.00205	-0.01772	-0.0001	-0.16472	1060.64778	4.75986	0.00894	0.07595	0.0
316	0.07809	18.28416	0.59159	-6e-05	-0.00681	0.00016	-0.0647	-20.51293	-0.523	1e-05	0.0082	-0.00027	-0.44878	-25.94938	-3.62306	0.00019	0.01045	-0.0002	-0.21033	-126.23753	-1.66125	-0.00084	-0.02049	-0.00011
317	0.49841	232.25	1.75857	0.00197	0.0724	-0.00112	-0.20389	-266.97667	-3.04333	-0.00267	0.00109	-0.00099	-0.04723	-94.6	-0.88	-0.00159	-0.01207	-0.00067	0.08552	-624.4	2.565	-0.0046	-0.16023	-0.00131
318	0.35694	-231.08782	3.65593	-0.00146	-0.05323	-4e-05	-0.23234	116.36461	1.12059	0.00038	-0.00135	-0.00011	0.15238	-9.00915	0.49895	-0.00036	-0.00898	-0.00015	-0.24823	-103.29194	-1.94059	-0.00027	-0.00196	-0.0001
319	0.00204	342.81533	0.94444	0.0015	0.0295	1e-05	-0.20127	-248.36172	-0.12026	-0.002	-0.03808	0.0001	-0.21624	-25.56709	-0.82759	-0.00104	-0.03026	1e-05	0.27576	-271.63766	-0.69766	-0.00121	-0.02378	-0.00021
320	0.17825	261.49678	1.26212	0.00108	0.03174	-0.00087	-0.23047	-102.23935	-3.29958	-0.00074	-0.0099	-0.00023	-0.53856	26.60599	-4.38159	-0.00103	-0.01327	-0.00044	-0.29481	93.96312	-0.525	-0.00026	-0.00902	0.00048
321	-0.44485	115.7251	0.12365	0.00068	0.0137	0.00053	-0.05101	-416.34896	-0.0666	-0.0027	-0.06099	0.00032	0.04088	-167.2329	-0.09511	-0.00121	-0.0329	-0.00016	-0.62776	-10.25875	-3.09828	0.00022	0.00068	-0.00012
322	0.35289	66.97364	2.79	0.00048	0.01581	0.0004	-0.191	-425.176	-1.805	-0.00212	-0.06743	-0.00047	-0.48901	-149.82778	-3.15556	-0.00077	-0.04015	-0.00079	-0.79537	418.645	-5.72	0.0017	0.0462	-0.00123
323	0.1493	178.65694	2.16355	-8e-05	-0.00311	-0.00356	-0.44026	-117.5838	-1.92901	-0.0001	-0.01686	0.00048	0.1567	-632.89009	-0.11634	-0.00195	-0.05557	-0.00052	0.00928	-126.53766	-2.41016	0.00041	0.01693	0.0014
324	0.14694	132.28579	2.28307	0.00055	0.03201	-0.00101	-0.17371	-19.76335	1.0929	-0.00026	-0.01752	-0.00059	-0.40261	-418.24781	-1.88131	-0.00335	-0.10817	0.00055	-0.4203	-92.3111	-3.3066	0.00013	-0.02303	-0.00089
325	0.02734	239.66879	1.85301	0.00046	-0.01946	-0.00286	0.1946	240.77134	1.2674	0.00137	0.04833	0.00284	-0.34236	-293.66057	-3.26763	-0.00078	-0.04027	-0.001	-0.10375	-761.49104	-1.93572	-0.00449	-0.07374	-0.00034
326	-0.11323	367.83946	0.49662	0.00183	0.02337	-0.00107	0.19883	286.1067	0.35045	0.00162	0.05583	-0.00134	-0.22569	90.85274	-2.56149	7e-05	0.01364	-0.00101	-0.22591	-279.52896	-0.71521	-0.00143	-0.05509	0.00031
327	0.12294	194.82319	1.39408	0.00079	0.01528	0.00021	-0.10234	-482.90984	-2.37797	-0.00414	-0.09547	0.00018	-0.32347	-472.16709	-2.84284	-0.00404	-0.07658	-0.00012	-0.21106	68.42984	-3.99641	0.00068	0.04045	-0.00031
328	-0.33449	-9.03982	-2.50973	-0.00021	-0.00672	-0.00014	-0.3527	-531.55835	-3.65265	-0.00391	-0.05077	-5e-05	0.69773	-51.12789	4.95989	-0.00204	-0.04706	-5e-05	-0.12676	447.8024	1.25093	0.0036	0.06117	-0.00011
329	0.17052	-204.55259	-1.32462	-0.00062	-0.00797	-0.00047	-0.40192	-126.61156	-2.98417	-0.00129	-0.05415	-0.00116	0.21964	-125.39931	2.73636	-0.00019	-0.02491	-0.00129	0.19294	-572.72447	1.643	-0.0026	-0.08868	-0.00047
330	0.15743	-616.27368	0.27306	-0.00324	-0.08008	-0.00231	-0.05099	-72.12932	-0.75327	0.00047	0.00576	-5e-05	0.0393	-149.81181	0.31002	-0.00109	-0.02898	-0.00102	0.00136	29.24815	0.58302	8e-05	-0.01059	0.00014
331	0.40425	76.18516	1.40598	-0.00031	-0.00485	-0.00342	-0.29472	-1.48276	0.13688	0.00026	-0.02381	0.00072	-0.20781	-278.33259	-2.77287	-0.00094	-0.01707	-0.00103	0.15949	-178.47641	0.08688	9e-05	0.02013	-0.00012
332	0.44724	193.92036	2.77857	0.00089	0.03218	-0.00108	-0.23183	-560.07917	0.73333	-0.00479	-0.13403	-0.00064	-0.05005	-851.8455	-0.02	-0.00442	-0.13883	-0.00073	0.18279	112.0025	-1.6	0.00272	0.07254	-0.00156
333	0.08938	-62.3564	1.50006	-0.00101	-0.01426	0.00031	0.06231	255.64671	1.87407	0.0011	0.00609	-1e-05	-0.03908	-112.45758	-0.13845	0.00049	-0.00144	-0.00031	0.00765	-243.86852	-1.08291	-0.00172	-0.03053	-0.00027
334	-0.92036	83.6514	-3.81135	-0.00102	-0.0597	-0.00039	0.30572	-225.35566	2.83125	-0.0022	-0.06642	-0.00056	0.21185	473.61963	-1.01159	0.00307	0.10925	0.00152	-0.53676	-347.12316	-0.4225	-0.00166	-0.07038	-0.00106
335	0.28452	135.14321	1.14623	-0.00011	0.00066	-0.0035	-0.16765	52.86167	1.47891	0.00018	-0.00517	0.00148	-0.36874	-84.2495	-4.11584	-0.0002	0.00162	-0.00107	-0.0886	-363.6125	-0.55016	-0.00078	-0.01916	-0.00017
336	-0.0364	-92.40956	0.13479	-0.00155	-0.06245	-0.00016	-0.16692	-164.35762	-0.63243	-0.00109	-0.01142	-3e-05	-0.10094	156.22654	-0.50039	0.00232	0.06159	9e-05	-0.01336	-396.82602	-1.19616	-0.00381	-0.0791	2e-05
337	-0.39201	-136.99318	-0.74895	-0.00152	-0.04135	0.00124	-0.0501	-165.43652	-0.6078	-0.00062	-0.03347	-0.00045	0.03819	-23.91905	-0.55179	0.00064	0.01786	0.00114	-0.34484	-356.58632	-1.4884	-0.00285	-0.06279	0.00128
338	-0.10574	-84.09954	0.18729	-0.00114	-0.02848	-0.0013	-0.10769	-521.23983	0.18381	-0.00259	-0.09095	-0.00407	0.02155	-5.36302	0.45849	0.00101	0.00519	-0.00385	-0.57462	147.08529	-1.32803	6e-05	-0.00337	0.00023
339	-0.15943	29.58005	-0.954	7e-05	-0.00304	-7e-05	0.06582	-252.36173	0.33358	-0.00102	-0.02707	0.00074	-0.24511	-28.76724	-1.50839	-9e-05	-0.0007	-0.00041	-0.01639	15.36649	-1.07832	2e-05	-0.00558	-0.00056
340	-0.14414	-563.1172	-2.83892	-0.00207	-0.04095	-0.00055	0.1141	140.14475	1.75841	0.00034	-0.00518	-0.00204	-0.10345	-285.19339	-1.86648	-0.00139	-0.02245	0.00093	0.02349	160.83219	1.12199	0.00024	-0.00553	0.00032
341	0.45922	-1196.26714	2.62248	-0.00832	-0.18168	-0.00051	-0.28308	769.63333	-0.15401	0.00507	0.11147	-0.00101	-0.07725	-364.358	-0.81734	-0.00417	-0.06361	-0.00108	0.2289	-50.985	-0.22891	-0.00069	-0.00086	-0.00155
342	0.30985	71.16562	1.85207	0.00029	0.02357	0.00088	-0.2573	264.78045	-1.00022	0.00102	0.02798	0.00081	-0.61164	-200.37339	-4.11863	-0.00125	-0.0313	0.00113	-0.4486	-329.58431	-3.61287	-0.00149	-0.04272	-0.00166
343	-0.06669	-3.58938	-0.23272	-0.00065	-0.01322	-0.00073	-0.6489	67.23881	-2.57228	0.00012	-0.00688	-0.00044	-0.03555	-292.73554	-0.76879	-0.00156	-0.03731	0.00016	0.24964	-216.00787	0.63462	-0.00061	-0.02499	-0.00047
344	-0.55183	-249.5198	-4.55667	-0.00082	0.00713	-0.00157	0.53719	-5.66789	2.93965	-0.00231	-0.02283	0.00124	-0.42181	113.81481	-2.96382	0.00243	0.08636	-0.00014	0.06764	327.43778	3.41497	0.00252	-0.01727	-0.00158
345	0.07683	249.5208	0.83729	0.00221	0.05269	-0.00023	-0.21199	-198.3858	-1.52244	-0.00147	-0.0303	-0.0007	0.0416	-304.83972	0.43846	-0.00224	-0.05301	0.00123	0.09695	-746.67013	0.52414	-0.0044	-0.11957	0.00054
346	-0.02055	-36.77902	1.32859	0.00076	0.00883	-0.0008	-0.03455	349.0248	1.13672	0.0016	0.02142	-0.00018	0.01104	-91.27562	0.12779	-3e-05	-0.00125	6e-05	-0.23157	-208.71972	-0.76433	-0.00204	-0.06567	-0.00136
347	0.0595	606.01957	0.77277	0.0028	0.06633	0.00037	-0.19497	-274.52801	-1.02347	-0.00163	-0.07402	-0.00082	0.10971	-316.66665	-1.70123	-0.00143	-0.02314	-0.00036	-0.12359	-460.75051	-1.2984	-0.00135	-0.01949	-0.00094
348	-0.05305	-491.63938	-0.51666	-0.00301	-0.0859	-0.00025	-0.13714	279.82977	-0.88711	0.00183	0.05678	-0.00053	-0.15176	136.66661	-0.29872	0.0014	0.03026	-0.00018	-0.03866	-452.44138	-2.1243	-0.00264	-0.05997	-0.00029
349	-0.41506	-51.2671	-0.97287	-0.00046	-0.0255	-0.0005	0.35877	-330.2418	5.00413	-0.00163	-0.06114	-0.00094	-0.52064	17.80224	-2.31967	0.00024	-0.0002	-0.0019	0.26867	-213.52361	3.45006	-0.0011	-0.05711	-0.00047
350	-0.16584	-996.94588	-2.66788	-0.00766	-0.124	-0.00012	0.03374	267.24029	0.72917	0.00065	0.01544	-0.00221	-0.03518	20.92732	-0.19114	-0.00023	-0.00285	-0.00072	-0.11513	-409.76709	-1.108	-0.00352	-0.04184	-0.00168
351	-0.00048	-114.70892	-0.47091	-0.00072	-0.01904	-1e-05	0.01638	57.69487	0.546	0.00043	0.01242	-0.00038	-0.30334	-28.36132	-2.97333	5e-05	0.01243	-2e-05	-0.05823	-157.30531	-0.40875	-0.00109	-0.02426	3e-05
352	0.01679	-173.89947	-1.33503	-0.00025	-0.00412	-0.00094	0.13364	-86.17611	1.50882	-0.00086	-0.02883	0.00135	-0.26465	-412.99529	-1.61793	-0.00255	-0.10258	-0.00123	0.19853	-461.83812	0.5956	-0.00222	-0.059	0.00011
353	-0.11849	108.63219	0.61823	0.00067	0.01465	-0.00054	-0.38321	-148.78904	-2.63625	-0.00098	-0.04447	-0.00111	0.00387	-20.4816	-0.71048	0.00042	-0.00044	-0.00025	0.06422	-120.7501	1.36701	-0.00054	-0.02088	-1e-05
354	-0.43451	-212.6062	-0.80826	-0.00185	-0.05832	2e-05	0.17648	31.60449	-0.45741	5e-05	0.02051	-0.00014	-0.26817	-101.161	-0.13772	-0.00198	-0.06688	-2e-05	-0.85532	91.70592	-4.7338	0.002	0.04181	0.00012
355	-0.10606	17.33914	-0.54519	0.00067	0.0189	-0.0001	-0.17927	-28.83573	-0.52583	-6e-05	-0.00352	0.00142	0.29772	-106.16409	1.51523	-0.00115	-0.02991	-0.00373	-0.27211	-418.09597	-0.6785	-0.00199	-0.0715	-0.00118
356	0.06937	-303.24372	-0.74615	-0.00105	-0.02334	-0.00194	-0.27222	-55.40139	-1.42	-0.00042	-0.01461	0.00193	-0.14332	338.74897	-1.20182	0.00129	0.03707	7e-05	-0.1618	-900.76561	0.777	-0.00508	-0.16229	-8e-05
357	-0.00167	160.84699	-0.55616	0.00094	0.02724	-0.00051	0.06171	-1.33763	1.14111	0.00051	0.01707	-0.00038	-0.04489	-128.38743	-0.83778	-0.00147	-0.02463	-0.00142	0.01419	-3.92875	0.32444	0.00026	0.00771	-9e-05
358	-0.04977	39.58604	-2.52903	0.00059	0.01296	-0.0005	-0.40029	-14.38566	-4.24563	-0.00088	-0.00942	-0.00127	0.18552	-88.48761	1.72202	-0.00069	-0.02345	0.00025	0.13954	-126.26731	2.76549	-0.00037	-0.01067	7e-05
359	-0.07297	-171.78966	1.8832	-0.00049	-0.04871	-0.00021	0.03728	364.41024	-0.90376	0.00201	0.07442	-0.0017	-0.2259	-681.59311	-2.84597	-0.00374	-0.10022	-0.00107	-0.10387	-546.73442	-2.54061	-0.00352	-0.06028	0.00015
360	0.08768	-202.68781	0.75062	-0.00114	-0.0428	0.00011	-0.02384	67.45457	0.16038	0.00027	0.01484	0.00034	-0.49814	-117.3116	-3.50354	-0.00042	-0.01158	0.00027	-0.26439	157.44965	-2.21844	0.00115	0.03827	0.00032
361	-0.2577	-81.97934	-1.68143	-4e-05	-0.01279	-0.00084	-0.07386	-71.10852	-0.62923	-0.00103	-0.01824	-0.0011	0.20687	-177.70646	2.0275	-0.00116	-0.03564	0.00059	-0.38061	49.43011	-4.68273	0.00034	0.0195	-0.0008
362	-0.07361	-273.32396	-1.52583	-0.00046	-0.00556	0.00064	-0.41542	327.74785	-3.90188	0.00087	0.01902	-0.00162	-0.23292	-344.61583	-3.02893	-0.00104	-0.03534	-0.00093	0.50571	331.24027	4.31083	0.00078	0.01045	-0.00162
363	0.08645	192.37571	2.03587	0.00083	0.02156	9e-05	-0.12077	-254.54	0.7412	-0.00316	-0.06308	0.00015	-0.17179	-373.254	-1.00859	-0.00393	-0.08223	2e-05	-0.14476	-367.315	-3.99641	-0.00079	-0.0172	-0.00028
364	0.20891	286.06932	1.28108	-3e-05	0.03261	0.00253	-0.0855	-15.696	-1.87887	0.00186	0.03897	0.00121	-0.17927	-1279.57472	-0.68826	-0.00992	-0.19691	-0.00464	-0.24433	-856.95563	0.5775	-0.00442	-0.16082	-0.00293
365	0.31414	-6.75524	2.86458	-0.00065	-0.03262	0.00029	0.24562	-65.96373	1.19323	0.00012	0.00313	-0.00094	0.16566	-372.22393	0.24243	-0.00128	-0.03635	-0.00034	-0.1623	-649.03777	-1.53479	-0.0038	-0.10535	-0.00034
366	-0.03411	189.28265	1.0822	0.0006	0.01731	4e-05	-0.10771	-146.26862	-0.7084	-0.00041	-0.01255	0.00037	0.06347	-193.04452	-0.47835	-0.00104	-0.02746	0.00018	0.05097	-365.3239	-0.52406	-0.00204	-0.05785	7e-05
367	-0.15825	-251.34462	0.05228	-0.00166	-0.05304	-0.00048	-0.52497	-259.52917	-1.089	-0.00103	-0.03361	-3e-05	-0.23598	0.27364	-1.28102	-0.00077	-0.02823	3e-05	0.20717	169.527	0.72255	3e-05	0.02787	-0.00062
368	-0.10412	-176.28665	-1.84198	-0.00048	-0.01214	-0.00024	-0.46495	-78.49938	-6.22926	-0.00057	-0.0144	-0.00011	0.14027	-144.86215	1.61201	-0.00073	-0.02006	7e-05	0.30682	184.66406	5.16809	0.00079	0.02316	0.00033
369	-0.08466	-78.85281	-2.13169	0.00022	-0.00751	-0.00139	-0.00141	-497.01061	-0.96224	-0.00131	-0.03709	0.00023	-0.07966	439.50913	0.3255	0.00107	0.02273	-0.00214	-0.2404	312.27124	-2.21087	0.0015	0.04265	0.00213
370	-0.07755	-24.22154	-1.1141	-0.00036	0.00587	0.00034	0.16779	-1180.58	0.92315	-0.00578	-0.15079	-0.00023	-0.34407	149.52273	-0.02219	0.00036	-0.03582	-0.00264	-0.54155	232.64	-1.76345	0.00105	-0.00146	-0.00161
371	-0.14641	-459.93449	0.02579	-0.00173	-0.08438	-0.00527	-0.16048	-185.7016	0.24815	-0.00249	-0.0626	0.00554	0.11638	-82.82189	-0.71139	-0.00097	-0.00053	-0.0057	-0.11823	126.31207	-0.42727	-0.00029	0.00494	0.00181
372	-0.46512	118.93793	-1.49035	0.00032	-0.00134	0.00097	0.16311	130.4362	0.77206	-0.00031	0.02212	-0.0046	-0.07241	22.20779	-0.33164	0.00096	0.00561	-0.00449	0.09549	-156.88224	-0.38692	0.00057	0.00495	0.00111
373	-0.05648	210.75051	-0.54366	0.00078	0.01628	-0.001	-0.21488	-347.64693	-2.46437	-0.00126	-0.0219	-0.00075	0.06239	-1079.87934	-0.72138	-0.00573	-0.13839	4e-05	-0.23455	-272.12766	-0.22562	-0.00179	-0.03356	-0.00084
374	-0.08754	56.92346	-0.60655	0.00043	0.00739	0.00074	-0.40621	76.93443	-2.93723	0.00026	0.00524	-0.00041	-0.16686	-161.91633	-1.37951	-0.00083	-0.03054	-0.00027	-0.08414	-177.72759	0.01471	-0.00108	-0.03312	-0.0002
375	0.07861	136.88257	1.31883	0.00081	0.03226	0.00381	0.08516	75.45379	1.95088	0.00062	0.02754	-5e-05	0.05368	41.52502	1.03795	0.00022	0.01602	-0.00019	0.01876	-94.04237	0.79548	-0.00079	-0.00973	-0.0003
376	-0.56096	264.58047	-1.34476	0.00182	0.04896	-0.00079	0.01177	-448.02642	-0.97849	-0.00211	-0.05911	-0.0007	0.10515	-441.23339	0.53452	-0.00274	-0.07391	-0.00127	-0.04039	-2.88816	-0.05635	-0.00097	-0.01807	0.00061
377	-0.35089	-325.70257	-0.17548	-0.00232	-0.08572	-0.00084	0.11873	-588.20908	-3.63152	-0.00156	-0.03256	-0.00127	-0.2569	-566.50152	-0.94035	-0.00329	-0.12068	-0.00041	0.14228	365.93585	3.14506	0.0009	0.02449	0.00171
378	-0.27533	123.33222	-4.97538	0.00125	0.04015	-0.00257	-0.15762	155.31986	1.89083	-1e-05	-0.00224	0.00367	-0.43864	-192.0237	-2.44545	-0.0016	-0.04656	-0.00138	0.45356	-361.06204	2.702	-0.00182	-0.03634	-5e-05
379	0.18846	-158.71896	0.64093	-0.00055	-0.0052	-0.00087	0.04671	405.43411	0.6694	0.00166	0.04546	0.00166	-0.09577	228.81696	-0.17701	0.00058	0.01823	-0.00098	-0.00998	302.80204	0.4624	0.00246	0.03892	-8e-05
380	-0.25244	-127.6175	-2.70838	-0.00105	-0.01662	9e-05	-0.67201	-30.69375	-3.66685	-0.0016	-0.03013	0.00015	0.81514	48.17705	5.22404	-0.00052	-0.01343	0.00034	-0.23693	103.9235	-0.97573	0.00198	0.04552	-4e-05
381	0.00353	85.50973	-1.46133	0.00031	0.01133	-0.00104	-0.44981	-164.6538	-2.18376	-0.00197	-0.07103	-0.00014	-0.22679	-41.5973	2.35546	-0.00065	-0.01066	-0.00029	0.33754	-258.95075	0.22082	-0.0007	-0.0233	-0.00188
382	-0.11838	-342.44072	0.01661	-0.0056	-0.08651	-0.00017	0.05512	-332.75847	-0.10889	0.00057	-0.004	-2e-05	-0.09264	357.93306	-0.13028	-0.00059	0.01291	-0.00061	0.21468	-570.99389	0.09194	-0.00281	-0.09658	-0.00023
383	0.11892	303.77393	0.73133	0.00223	0.07739	0.00166	0.17331	146.49381	0.31513	0.00081	0.04702	0.00114	0.00196	66.32151	-0.33976	0.00111	0.01859	-0.00562	-0.01684	-0.6218	-0.35763	-0.0	-0.00017	-0.00634
384	-0.17878	-242.04635	-0.90036	-0.00279	-0.03238	-0.00054	-0.34653	-786.14698	-1.99828	-0.00711	-0.14022	-0.00022	0.34085	833.73286	2.50469	0.00606	0.11869	-0.00149	-0.19229	-128.51233	-1.01573	0.00055	0.02535	-0.00024
385	-0.12944	-301.14545	-1.39402	-0.00092	-0.02434	0.0005	-0.25567	-387.14	-3.92043	-0.00209	-0.03624	0.00038	-0.14494	301.94444	0.41044	0.00084	0.00939	0.00054	0.30737	-248.76875	3.08559	-0.00079	-0.01066	-4e-05
386	-0.10792	-146.29799	0.34556	-0.00089	-0.02476	0.00126	0.08402	-774.78022	-0.11875	-0.00405	-0.09899	-0.00435	-0.11674	60.1419	-1.13286	0.00075	0.01588	-0.00064	-0.02253	557.7194	0.83333	0.00251	0.05353	-0.00071
387	-0.9278	-6.77561	-3.82705	-0.00169	-0.07098	-7e-05	0.4402	-317.09709	2.4833	-0.00188	-0.04915	0.00046	-0.03559	-220.72612	-1.08045	-0.00098	-0.03568	0.00012	-0.41002	-364.63288	-0.79751	-0.00104	-0.05505	-4e-05
388	-0.18768	-387.63297	-1.13023	-0.0019	-0.04014	-0.00183	0.18624	-152.34904	-0.06927	-8e-05	-0.00997	0.00052	-0.05399	-375.17278	-0.51607	-0.00252	-0.06858	-0.00036	0.1499	82.77552	1.1039	0.00031	0.00953	0.00129
389	-0.0972	-670.67532	-0.22619	-0.00482	-0.10502	0.00013	-0.29187	36.47741	-3.92162	0.00087	0.01398	-0.00117	-0.12701	109.12179	-2.63453	-6e-05	0.02045	-0.00155	0.12621	-161.02687	2.21898	-0.00109	-0.02151	0.00029
390	-0.70256	-728.25942	-1.2187	-0.00395	-0.11821	-0.00072	0.26266	328.95083	0.89628	0.00216	0.03705	-0.00125	-0.21284	-467.03295	-2.01356	-0.0031	-0.0824	-0.00052	0.14362	-551.633	-0.12051	-0.00202	-0.04725	-0.00156
391	-0.28526	-909.1266	-4.3774	-0.0056	-0.112	-0.00041	-0.22592	-695.71693	-4.21707	-0.00355	-0.05204	-0.00029	0.36827	1743.3444	5.4266	0.00787	0.18429	0.00047	-0.20778	-2980.3956	-2.5284	-0.0251	-0.41514	-0.00024
392	-0.01369	-182.1444	-0.30159	-0.00118	-0.04171	0.00012	0.13189	-793.24526	1.2145	-0.00485	-0.12101	-0.00074	-0.586	39.1184	-3.91806	0.00095	0.01659	-0.0011	-0.33437	-60.96889	-2.66812	0.0007	0.01861	-0.00078
393	-0.11425	104.37026	-0.73851	0.00087	0.01439	-0.00045	-0.16895	-203.45818	-0.41919	-0.00125	-0.02591	-0.00027	-0.12629	-423.86872	-0.484	-0.00343	-0.09799	0.00081	0.12399	-328.44215	0.43525	-0.00209	-0.0552	-8e-05
394	-0.01853	123.95645	2.76666	-6e-05	-0.01727	0.00022	0.3837	-247.32444	2.32886	-0.00157	-0.05235	0.00057	-0.02346	-88.11691	1.24147	-0.00031	-0.01924	0.00054	-0.17147	-80.13594	-0.90207	-0.00074	-0.02076	0.00045
395	0.13036	268.63819	0.91248	0.00119	0.02351	-0.00108	-0.38771	-175.63318	-3.21505	-0.00039	-0.00549	-0.00082	-0.17615	-304.38684	-1.71259	-0.00105	-0.01882	6e-05	-0.15078	-171.24891	0.26484	-0.00104	-0.02428	-0.00097
396	-0.17932	-480.18399	-0.34021	-0.00298	-0.09692	-0.00306	-0.15218	-653.34638	-1.85069	-0.00234	-0.06377	-0.00159	0.06647	-8.06011	-1.24022	-0.00062	0.03085	0.00282	-0.14186	188.61712	-0.35358	0.00084	0.01165	0.00011
397	-0.10938	48.63491	-0.89737	0.00047	0.01498	-0.00038	0.0077	276.04839	0.84667	0.00094	0.02075	-0.00143	-0.07534	-190.85213	-1.49824	-0.00069	-0.02178	-0.00174	-0.14072	-141.17978	-2.26375	-0.0005	-0.00817	0.00049
398	-0.07471	96.42195	0.02155	0.00114	0.01396	3e-05	-0.00759	-444.08531	-0.23892	-0.00223	-0.04717	0.00036	-0.05533	62.26714	-1.20827	0.00075	0.01502	0.00068	-0.00032	95.77877	0.83699	0.00063	0.00765	-5e-05
399	0.0383	83.97066	0.72204	-8e-05	-0.00906	8e-05	-0.0851	-366.99222	-0.5923	-0.00193	-0.04202	0.00036	-0.02813	87.41574	-0.79233	0.00115	0.03577	0.00015	-0.02367	11.68219	-0.22462	-0.00122	-0.01568	-0.00045
400	0.24703	-146.39617	2.05472	-0.00172	-0.04856	-0.00033	-0.04815	-203.10483	-0.49527	0.0001	-0.005	-0.00064	-0.35873	89.50637	-1.51889	0.00116	0.00598	-0.00216	-0.11536	-298.66312	-1.4721	-0.00223	-0.01563	0.00123
401	0.29747	-46.14268	2.57979	-0.00046	-0.01617	-2e-05	-0.03854	-187.6294	-1.47902	-0.00024	0.00387	-0.00028	0.18806	-162.3235	1.69524	-0.00096	-0.02306	-2e-05	0.33529	126.67214	3.98312	0.00019	0.003	7e-05
402	-0.22399	-460.00501	-1.86815	-0.00154	-0.04372	-2e-05	0.07408	280.36522	0.17425	0.00056	0.01029	0.00104	-0.25307	-729.29334	-0.19083	-0.0037	-0.11304	-7e-05	-0.08345	535.3411	-0.66737	0.00234	0.06436	-0.00223
403	-0.44208	6.1052	-0.72192	-0.00076	-0.02536	-0.0011	-0.05983	-670.10181	0.10449	-0.0033	-0.11329	-0.00556	-0.38048	-4.47267	-0.69214	-0.00038	-0.01822	0.00104	-0.27589	456.46738	0.1802	0.00108	0.03096	-0.00071
404	-0.50216	30.79417	-0.74037	-0.00065	-0.02454	-0.00143	-0.14163	-581.99516	-0.11283	-0.0032	-0.10645	-0.0041	-0.16293	-303.86367	-0.04433	-0.0012	-0.06715	-0.00295	-0.602	163.88789	-1.09898	0.00012	-0.00478	-8e-05
405	-0.42419	-376.55188	-4.14684	-0.00187	-0.05514	0.00043	0.11686	277.05895	3.39167	0.00011	0.01744	0.00398	-0.23592	-132.71175	-2.72412	-0.00011	-0.01303	0.001	0.47595	-123.83181	2.825	-0.00081	-0.01191	0.00343
406	-0.01353	289.0081	-0.26927	0.00233	0.0638	-0.00036	-0.01707	36.55172	-1.77146	0.00077	0.03141	-0.00026	0.0585	49.03478	-0.96943	0.00102	0.02333	0.00051	0.05459	-16.38523	1.48031	0.00026	-0.01775	-0.00016
407	0.22301	-202.75157	1.88365	-0.00255	-0.06301	-9e-05	-0.09632	-100.68932	-0.81239	0.00054	-0.00058	-0.00019	-0.34363	259.28496	-0.56048	0.00182	0.01796	-0.00158	-0.04143	-276.71848	-0.02349	-0.00243	-0.02995	-0.00061
